-- phpMyAdmin SQL Dump
-- version 5.2.1
-- https://www.phpmyadmin.net/
--
-- Servidor: localhost:3306
-- Tiempo de generación: 13-01-2024 a las 20:00:57
-- Versión del servidor: 8.0.30
-- Versión de PHP: 8.1.10

SET SQL_MODE = "NO_AUTO_VALUE_ON_ZERO";
START TRANSACTION;
SET time_zone = "+00:00";


/*!40101 SET @OLD_CHARACTER_SET_CLIENT=@@CHARACTER_SET_CLIENT */;
/*!40101 SET @OLD_CHARACTER_SET_RESULTS=@@CHARACTER_SET_RESULTS */;
/*!40101 SET @OLD_COLLATION_CONNECTION=@@COLLATION_CONNECTION */;
/*!40101 SET NAMES utf8mb4 */;

--
-- Base de datos: `final`
--

-- --------------------------------------------------------

--
-- Estructura de tabla para la tabla `auditoria`
--

CREATE TABLE `auditoria` (
  `id_auditoria` int NOT NULL,
  `id_sesion` int NOT NULL,
  `id_usuario` int NOT NULL,
  `usuario` varchar(50) CHARACTER SET utf8mb3 COLLATE utf8mb3_bin DEFAULT NULL,
  `tipo_usuario` varchar(50) CHARACTER SET utf8mb3 COLLATE utf8mb3_bin DEFAULT NULL,
  `estado_usuario` varchar(50) CHARACTER SET utf8mb3 COLLATE utf8mb3_bin DEFAULT NULL,
  `fecha_cambio` datetime DEFAULT NULL
) ENGINE=InnoDB DEFAULT CHARSET=utf8mb3 COLLATE=utf8mb3_bin;

--
-- Volcado de datos para la tabla `auditoria`
--

INSERT INTO `auditoria` (`id_auditoria`, `id_sesion`, `id_usuario`, `usuario`, `tipo_usuario`, `estado_usuario`, `fecha_cambio`) VALUES
(1, 1, 1, NULL, NULL, NULL, NULL),
(2, 30, 2, 'juancito', 'Activo', 'Inactivo', '2022-06-27 21:03:40'),
(3, 30, 2, 'juancito', 'Inactivo', 'Activo', '2022-06-27 21:05:27'),
(4, 30, 2, 'oscar', 'Activo', 'Inactivo', '2022-06-27 21:06:25'),
(5, 36, 5, 'x', 'Standard', '1', '2022-07-17 13:56:37'),
(6, 36, 5, 'x', 'Standard', '1', '2022-07-17 13:57:10'),
(7, 36, 5, 'z', 'Standard', 'Inactivo', '2022-07-17 14:11:43'),
(8, 223, 4, 'lucas', 'Administrador', '1', '2023-11-20 16:56:21'),
(9, 223, 4, 'lucas', 'Administrador', '1', '2023-11-20 16:57:23'),
(10, 223, 4, 'lucas', 'Standard', 'Activo', '2023-11-20 17:00:02'),
(11, 223, 4, 'lucas', 'Standard', 'Activo', '2023-11-20 17:00:56'),
(12, 223, 4, 'luquitas', 'Standard', 'Activo', '2023-11-20 17:05:36');

-- --------------------------------------------------------

--
-- Estructura de tabla para la tabla `canastas`
--

CREATE TABLE `canastas` (
  `id_canasta` int NOT NULL,
  `estado_canasta` int DEFAULT NULL,
  `id_usuario` int NOT NULL,
  `tiempo_canasta` int DEFAULT NULL,
  `nombre_canasta` varchar(50) CHARACTER SET utf8mb3 COLLATE utf8mb3_bin DEFAULT NULL
) ENGINE=InnoDB DEFAULT CHARSET=utf8mb3 COLLATE=utf8mb3_bin;

--
-- Volcado de datos para la tabla `canastas`
--

INSERT INTO `canastas` (`id_canasta`, `estado_canasta`, `id_usuario`, `tiempo_canasta`, `nombre_canasta`) VALUES
(1, NULL, 5, NULL, NULL),
(2, 1, 1, 0, ''),
(3, 1, 1, 0, ''),
(4, 1, 1, 5, 'hola 1'),
(5, 1, 1, 5, 'hola 1'),
(6, 1, 1, 4, 'hola 2'),
(7, 1, 1, 2, 'hola 2'),
(8, 1, 1, 2, 'hola 2'),
(9, 1, 1, 2, 'hola 2'),
(10, 1, 1, 2, 'hola 2'),
(11, 1, 1, 2, 'hola 2'),
(12, 1, 1, 10, 'prueba'),
(13, 1, 1, 2, 'asdasd'),
(14, 1, 1, 8, 'zxczxczxc'),
(15, 1, 1, 4, 'hola 2'),
(16, 1, 1, 13, 'sdfsferwerwer'),
(17, 1, 1, 3, 'hola 2'),
(18, 1, 1, 4, 'hola 2'),
(19, 1, 1, 4, 'hola 2'),
(20, 1, 1, 3, 'hola 2'),
(21, 1, 1, 4, 'hola 2'),
(22, 1, 1, 4, 'hola 2'),
(23, 1, 1, 10, 'hola 1'),
(24, 1, 1, 4, 'hola 2'),
(25, 1, 1, 2, ' fin de semana'),
(26, 1, 1, 2, 'canasta 34'),
(27, 1, 1, 2, 'fin de semana'),
(28, 1, 1, 2, 'fin de semana'),
(29, 1, 1, 2, 'fin de semana'),
(30, 1, 1, 2, 'fin de semana'),
(31, 0, 1, 6, 'Canasta Nueva'),
(32, 1, 1, 3, 'asdzxcasdw1aw1w5a1a65wd'),
(33, 1, 1, 4, 'zxczxcz'),
(34, 1, 1, 6, 'vvsd'),
(35, 1, 1, 5, 'asasdds'),
(36, 1, 1, 4, 'prueba3'),
(37, 1, 1, 10, 'momwocmqopwmcopqmw'),
(38, 0, 1, 5, 'pablo'),
(39, 0, 1, 2, 'Finde'),
(47, 1, 1, 1, 'zxczxcz'),
(48, 1, 1, 4, 'inteligencia pa'),
(49, 0, 1, 7, 'bajar de peso'),
(50, 1, 1, 5, 'testeo'),
(51, 1, 1, 5, 'zasdasd'),
(52, 1, 1, 4, 'inteligencia pa'),
(53, 0, 11, 5, 'Canasta Saludable'),
(54, 0, 12, 8, 'Canasta Fitness'),
(55, 0, 13, 2, 'Canasta Energética'),
(56, 0, 14, 7, 'Canasta Equilibrada'),
(57, 0, 15, 3, 'Canasta Vegetariana'),
(58, 0, 16, 1, 'Canasta Vital'),
(59, 0, 18, 9, 'Canasta Nutritiva'),
(60, 0, 18, 6, 'Canasta Fresca'),
(61, 0, 19, 4, 'Canasta Digestiva'),
(62, 0, 21, 10, 'Canasta del Chef'),
(63, 0, 21, 5, 'Canasta Saludable'),
(64, 0, 21, 8, 'Canasta Fitness'),
(65, 0, 23, 2, 'Canasta Energética'),
(66, 0, 24, 7, 'Canasta Equilibrada'),
(67, 0, 25, 3, 'Canasta Vegetariana'),
(68, 0, 25, 1, 'Canasta Vital'),
(69, 0, 27, 9, 'Canasta Nutritiva'),
(70, 0, 28, 6, 'Canasta Fresca'),
(71, 0, 29, 4, 'Canasta Digestiva'),
(72, 0, 30, 10, 'Canasta del Chef'),
(73, 0, 11, 5, 'Canasta Saludable'),
(74, 0, 11, 8, 'Canasta Fitness'),
(75, 0, 11, 2, 'Canasta Energética'),
(76, 0, 11, 7, 'Canasta Equilibrada'),
(77, 0, 11, 3, 'Canasta Vegetariana'),
(78, 0, 12, 1, 'Canasta Vital'),
(79, 0, 12, 9, 'Canasta Nutritiva'),
(80, 0, 12, 6, 'Canasta Fresca'),
(81, 0, 12, 4, 'Canasta Digestiva'),
(82, 0, 13, 10, 'Canasta del Chef'),
(83, 0, 13, 5, 'Canasta Saludable'),
(84, 0, 14, 8, 'Canasta Fitness'),
(85, 0, 14, 2, 'Canasta Energética'),
(86, 0, 15, 7, 'Canasta Equilibrada'),
(87, 0, 15, 3, 'Canasta Vegetariana'),
(88, 0, 16, 1, 'Canasta Vital'),
(89, 0, 16, 9, 'Canasta Nutritiva'),
(90, 0, 23, 6, 'Canasta Fresca'),
(91, 0, 27, 4, 'Canasta Digestiva'),
(92, 0, 28, 10, 'Canasta del Chef'),
(93, 1, 1, 5, 'Canasta Saludable'),
(94, 1, 1, 6, 'Canasta Fresca'),
(95, 1, 1, 6, 'prueba4'),
(96, 1, 1, 10, 'pruebacanasta'),
(97, 0, 1, 9, 'Canasta Nutritiva'),
(98, 1, 1, 7, 'ana'),
(99, 1, 1, 7, 'prueba inteligente'),
(100, 1, 1, 6, 'Canasta Fresca'),
(101, 0, 2, 5, 'Finde en la playa'),
(102, 0, 1, 6, 'Canasta Fresca'),
(103, 1, 1, 10, 'PruebaSeo'),
(104, 0, 1, 10, 'Seo'),
(105, 0, 1, 14, 'Bajar peso');

-- --------------------------------------------------------

--
-- Estructura de tabla para la tabla `ingredientes`
--

CREATE TABLE `ingredientes` (
  `id_ingrediente` int NOT NULL,
  `nombre_ingrediente` varchar(50) CHARACTER SET utf8mb3 COLLATE utf8mb3_bin NOT NULL,
  `potencial_alergeno` int DEFAULT NULL,
  `potencial_negativo` varchar(20) CHARACTER SET utf8mb3 COLLATE utf8mb3_bin DEFAULT NULL,
  `adventercia` varchar(500) CHARACTER SET utf8mb3 COLLATE utf8mb3_bin DEFAULT NULL
) ENGINE=InnoDB DEFAULT CHARSET=utf8mb3 COLLATE=utf8mb3_bin;

--
-- Volcado de datos para la tabla `ingredientes`
--

INSERT INTO `ingredientes` (`id_ingrediente`, `nombre_ingrediente`, `potencial_alergeno`, `potencial_negativo`, `adventercia`) VALUES
(0, 'Harina de Trigo', 0, '1', 'Evitar su consumo si eres sensible al gluten.'),
(1, 'Azúcar', 0, '2', 'Consumir con moderación, puede contribuir a problemas cardiovasculares y diabetes.'),
(2, 'Sal', 0, '1', 'Consumir con moderación, el exceso puede aumentar la presión arterial.'),
(3, 'Aceite de Palma', 1, '2', 'Consumir con moderación, puede ser perjudicial en grandes cantidades.'),
(4, 'Aceite de Soja', 0, '0', NULL),
(5, 'Leche en Polvo', 1, '1', 'Evitar si eres intolerante a la lactosa o alérgico a la leche.'),
(6, 'Jarabe de Maíz de Alta Fructosa', 1, '2', 'Consumir con moderación, puede contribuir a la obesidad.'),
(7, 'Colorante Artificial Rojo #40', 1, '2', 'Consumir con moderación, se ha relacionado con posibles riesgos para la salud.'),
(8, 'Saborizante Artificial de Vainilla', 0, '0', NULL),
(9, 'Aceite de Coco', 0, '0', NULL),
(10, 'Proteína de Soja', 1, '0', NULL),
(11, 'Huevo en Polvo', 1, '0', NULL),
(12, 'Glutamato Monosódico', 1, '1', 'Consumir con moderación, puede causar reacciones en algunas personas.'),
(13, 'Cebolla en Polvo', 0, '0', NULL),
(14, 'Ajo en Polvo', 0, '0', NULL),
(15, 'Pimienta Negra', 0, '0', NULL),
(16, 'Tomate en Polvo', 0, '0', NULL),
(17, 'Jarabe de Maíz', 0, '2', 'Consumir con moderación, puede contribuir a la obesidad.'),
(18, 'Aceite de Canola', 0, '0', NULL),
(19, 'Harina de Maíz', 0, '0', NULL),
(20, 'Levadura', 0, '0', NULL),
(21, 'Lecitina de Soja', 0, '0', NULL),
(22, 'Pectina', 0, '0', NULL),
(23, 'Goma Xantana', 0, '0', NULL),
(24, 'Bicarbonato de Sodio', 0, '0', NULL),
(25, 'Ácido Cítrico', 0, '0', NULL),
(26, 'Limoneno', 0, '0', NULL),
(27, 'Linalool', 0, '0', NULL),
(28, 'Benzoato de Sodio', 0, '1', 'Evitar si eres sensible a los conservantes alimentarios.'),
(29, 'Sorbato de Potasio', 0, '0', NULL),
(30, 'Ácido Ascórbico', 0, '0', NULL),
(31, 'Calcio Disódico EDTA', 0, '1', 'Consumir con moderación, puede interferir con la absorción de minerales.'),
(32, 'Ácido Fumárico', 0, '0', NULL),
(33, 'Niacina', 0, '0', NULL),
(34, 'Ferrocianuro de Sodio', 0, '0', NULL),
(35, 'Fosfato de Aluminio', 0, '1', 'Evitar si tienes preocupaciones sobre el aluminio en los alimentos.'),
(36, 'Dióxido de Titanio', 0, '1', 'Consumir con moderación, se ha relacionado con posibles riesgos para la salud.'),
(37, 'Beta Caroteno', 0, '0', NULL),
(38, 'Ácido Sulfúrico', 0, '1', 'Evitar si tienes preocupaciones sobre el aluminio en los alimentos.'),
(39, 'Diacetil Tartárico', 0, '1', 'Consumir con moderación, puede causar reacciones en algunas personas.'),
(40, 'Fosfato Tricálcico', 0, '1', 'Consumir con moderación, puede interferir con la absorción de minerales.'),
(41, 'Aspartame', 0, '2', 'Consumir con moderación, se ha relacionado con posibles riesgos para la salud.'),
(42, 'Sucralosa', 0, '2', 'Consumir con moderación, se ha relacionado con posibles riesgos para la salud.'),
(43, 'Sacarina', 0, '2', 'Consumir con moderación, se ha relacionado con posibles riesgos para la salud.'),
(44, 'Ciclamato', 0, '0', NULL),
(45, 'Ácido Benzoico', 0, '1', 'Evitar si eres sensible a los conservantes alimentarios.'),
(46, 'BHA', 0, '1', 'Consumir con moderación, pueden ser perjudiciales en grandes cantidades.'),
(47, 'BHT', 0, '1', 'Consumir con moderación, pueden ser perjudiciales en grandes cantidades.'),
(48, 'Ácido Cítrico Monohidratado', 0, '0', NULL),
(49, 'Ácido Tartárico', 0, '0', NULL);

-- --------------------------------------------------------

--
-- Estructura de tabla para la tabla `lista_canasta_productos`
--

CREATE TABLE `lista_canasta_productos` (
  `id_canasta` int NOT NULL,
  `cantidad` int DEFAULT NULL,
  `id_canasta_producto` int NOT NULL,
  `id_producto_paquete` int NOT NULL
) ENGINE=InnoDB DEFAULT CHARSET=utf8mb3 COLLATE=utf8mb3_bin;

--
-- Volcado de datos para la tabla `lista_canasta_productos`
--

INSERT INTO `lista_canasta_productos` (`id_canasta`, `cantidad`, `id_canasta_producto`, `id_producto_paquete`) VALUES
(6, 1, 1, 8),
(24, 3, 2, 10),
(24, 0, 3, 1),
(24, 11, 4, 9),
(24, 0, 5, 1),
(24, 0, 6, 2),
(24, 1, 7, 1),
(24, 0, 8, 1),
(25, 0, 9, 8),
(25, 0, 10, 1),
(25, 0, 11, 1),
(25, 0, 12, 1),
(25, 0, 13, 2),
(25, 3, 14, 2),
(25, 1, 15, 8),
(26, 0, 16, 8),
(26, 0, 17, 14),
(26, 0, 18, 10),
(26, 0, 19, 1),
(26, 0, 20, 9),
(26, 0, 21, 13),
(26, 0, 22, 1),
(26, 0, 23, 3),
(26, 0, 24, 4),
(26, 0, 25, 6),
(26, 0, 26, 10),
(26, 0, 27, 14),
(26, 0, 28, 13),
(26, 0, 29, 11),
(26, 0, 30, 1),
(26, 0, 31, 3),
(26, 0, 32, 4),
(26, 0, 33, 5),
(26, 0, 34, 5),
(26, 0, 35, 14),
(26, 0, 36, 4),
(26, 0, 37, 8),
(26, 0, 38, 11),
(26, 0, 39, 14),
(26, 0, 40, 3),
(26, 0, 41, 16),
(26, 0, 42, 50),
(26, 0, 43, 30),
(31, 0, 44, 23),
(31, 0, 45, 28),
(32, 1, 46, 39),
(35, 1, 47, 16),
(36, 1, 48, 23),
(36, 1, 49, 64),
(36, 1, 50, 19),
(36, 1, 51, 54),
(36, 1, 52, 16),
(36, 1, 53, 38),
(26, 0, 54, 19),
(26, 0, 55, 24),
(26, 0, 56, 17),
(26, 1, 57, 45),
(26, 0, 58, 15),
(32, 1, 59, 31),
(37, 1, 60, 24),
(26, 1, 61, 24),
(38, 0, 62, 24),
(38, 0, 63, 30),
(39, 0, 64, 24),
(39, 1, 65, 23),
(39, 3, 66, 45),
(47, 1, 67, 62),
(47, 2, 68, 57),
(48, 5, 69, 62),
(48, 4, 70, 57),
(48, 0, 71, 57),
(49, 3, 72, 62),
(49, 5, 73, 43),
(49, 1, 74, 57),
(49, 2, 75, 40),
(49, 1, 76, 43),
(49, 1, 77, 62),
(49, 2, 78, 61),
(50, 5, 79, 62),
(50, 2, 80, 43),
(50, 4, 81, 40),
(51, 1, 82, 26),
(52, 5, 83, 62),
(52, 4, 84, 57),
(53, 1, 85, 15),
(53, 2, 86, 32),
(53, 3, 87, 44),
(53, 4, 88, 50),
(53, 1, 89, 61),
(54, 1, 90, 18),
(54, 2, 91, 25),
(54, 3, 92, 37),
(54, 4, 93, 48),
(54, 1, 94, 55),
(55, 1, 95, 15),
(55, 2, 96, 31),
(55, 3, 97, 43),
(55, 4, 98, 50),
(55, 1, 99, 62),
(56, 1, 100, 15),
(56, 2, 101, 32),
(56, 3, 102, 44),
(56, 4, 103, 50),
(56, 1, 104, 61),
(56, 2, 105, 18),
(56, 3, 106, 37),
(56, 4, 107, 48),
(57, 2, 108, 25),
(57, 3, 109, 37),
(57, 4, 110, 48),
(57, 1, 111, 55),
(57, 2, 112, 15),
(57, 3, 113, 31),
(57, 4, 114, 43),
(58, 3, 115, 34),
(58, 4, 116, 47),
(58, 1, 117, 58),
(58, 2, 118, 15),
(58, 3, 119, 26),
(58, 4, 120, 37),
(59, 3, 121, 48),
(59, 4, 122, 56),
(59, 1, 123, 17),
(59, 2, 124, 31),
(59, 3, 125, 42),
(59, 4, 126, 53),
(60, 4, 127, 45),
(60, 1, 128, 54),
(60, 2, 129, 19),
(60, 3, 130, 32),
(60, 4, 131, 46),
(60, 1, 132, 58),
(61, 3, 133, 18),
(61, 4, 134, 30),
(61, 1, 135, 41),
(61, 2, 136, 55),
(61, 3, 137, 64),
(61, 4, 138, 15),
(62, 3, 139, 36),
(62, 4, 140, 50),
(62, 1, 141, 60),
(62, 2, 142, 17),
(62, 3, 143, 29),
(62, 4, 144, 40),
(63, 4, 145, 52),
(63, 1, 146, 63),
(63, 2, 147, 21),
(63, 3, 148, 34),
(63, 4, 149, 45),
(63, 1, 150, 57),
(93, 1, 151, 15),
(93, 2, 152, 32),
(93, 3, 153, 44),
(93, 4, 154, 50),
(93, 1, 155, 61),
(64, 4, 156, 15),
(65, 3, 157, 32),
(65, 4, 158, 46),
(65, 1, 159, 58),
(65, 2, 160, 18),
(65, 3, 161, 30),
(65, 4, 162, 42),
(66, 4, 163, 51),
(66, 1, 164, 62),
(66, 2, 165, 24),
(66, 3, 166, 35),
(66, 4, 167, 48),
(66, 1, 168, 60),
(67, 3, 169, 33),
(67, 4, 170, 47),
(67, 1, 171, 59),
(67, 2, 172, 21),
(67, 3, 173, 36),
(67, 4, 174, 49),
(68, 4, 175, 54),
(68, 1, 176, 65),
(68, 2, 177, 28),
(68, 3, 178, 39),
(68, 4, 179, 50),
(68, 1, 180, 61),
(69, 3, 181, 37),
(69, 4, 182, 49),
(69, 1, 183, 60),
(69, 2, 184, 23),
(69, 3, 185, 34),
(69, 4, 186, 46),
(70, 3, 187, 44),
(70, 4, 188, 55),
(70, 1, 189, 66),
(70, 2, 190, 30),
(70, 3, 191, 41),
(70, 4, 192, 53),
(71, 3, 193, 62),
(71, 4, 194, 22),
(71, 1, 195, 36),
(71, 2, 196, 47),
(71, 3, 197, 58),
(71, 4, 198, 19),
(72, 4, 199, 28),
(72, 1, 200, 39),
(72, 2, 201, 50),
(72, 3, 202, 61),
(72, 4, 203, 24),
(72, 1, 204, 35),
(73, 3, 205, 33),
(73, 4, 206, 46),
(73, 1, 207, 59),
(73, 2, 208, 21),
(73, 3, 209, 36),
(73, 4, 210, 49),
(74, 4, 211, 54),
(74, 1, 212, 65),
(74, 2, 213, 28),
(74, 3, 214, 39),
(74, 4, 215, 50),
(74, 1, 216, 61),
(75, 3, 217, 37),
(75, 4, 218, 49),
(75, 1, 219, 60),
(75, 2, 220, 23),
(75, 3, 221, 34),
(75, 4, 222, 46),
(76, 3, 223, 44),
(76, 4, 224, 55),
(76, 1, 225, 66),
(76, 2, 226, 30),
(76, 3, 227, 41),
(76, 4, 228, 53),
(77, 3, 229, 62),
(77, 4, 230, 22),
(77, 1, 231, 36),
(77, 2, 232, 47),
(77, 3, 233, 58),
(77, 4, 234, 19),
(78, 4, 235, 24),
(78, 1, 236, 35),
(78, 2, 237, 46),
(78, 3, 238, 59),
(78, 4, 239, 21),
(78, 1, 240, 33),
(79, 3, 241, 36),
(79, 4, 242, 49),
(79, 1, 243, 60),
(79, 2, 244, 23),
(79, 3, 245, 34),
(79, 4, 246, 46),
(80, 4, 247, 53),
(80, 1, 248, 64),
(80, 2, 249, 27),
(80, 3, 250, 38),
(80, 4, 251, 49),
(80, 1, 252, 60),
(81, 3, 253, 41),
(81, 4, 254, 52),
(81, 1, 255, 63),
(81, 2, 256, 26),
(81, 3, 257, 37),
(81, 4, 258, 48),
(82, 4, 259, 29),
(82, 1, 260, 40),
(82, 2, 261, 51),
(82, 3, 262, 62),
(82, 4, 263, 25),
(82, 1, 264, 36),
(83, 3, 265, 35),
(83, 4, 266, 46),
(83, 1, 267, 57),
(83, 2, 268, 20),
(83, 3, 269, 31),
(83, 4, 270, 42),
(84, 4, 271, 47),
(84, 1, 272, 58),
(84, 2, 273, 19),
(84, 3, 274, 30),
(84, 4, 275, 41),
(84, 1, 276, 52),
(85, 3, 277, 61),
(85, 4, 278, 24),
(85, 1, 279, 35),
(85, 2, 280, 46),
(85, 3, 281, 57),
(85, 4, 282, 18),
(86, 4, 283, 29),
(86, 1, 284, 40),
(86, 2, 285, 51),
(86, 3, 286, 62),
(86, 4, 287, 25),
(86, 1, 288, 36),
(87, 4, 289, 47),
(87, 1, 290, 58),
(87, 2, 291, 19),
(87, 3, 292, 30),
(87, 4, 293, 41),
(87, 1, 294, 52),
(88, 3, 295, 61),
(88, 4, 296, 24),
(88, 1, 297, 35),
(88, 2, 298, 46),
(88, 3, 299, 57),
(88, 4, 300, 18),
(89, 4, 301, 29),
(89, 1, 302, 40),
(89, 2, 303, 51),
(89, 3, 304, 62),
(89, 4, 305, 25),
(89, 1, 306, 36),
(90, 3, 307, 35),
(90, 4, 308, 46),
(90, 1, 309, 57),
(90, 2, 310, 20),
(90, 3, 311, 31),
(90, 4, 312, 42),
(91, 4, 313, 47),
(91, 1, 314, 58),
(91, 2, 315, 19),
(91, 3, 316, 30),
(91, 4, 317, 41),
(91, 1, 318, 52),
(92, 3, 319, 61),
(92, 4, 320, 24),
(92, 1, 321, 35),
(92, 2, 322, 46),
(92, 3, 323, 57),
(92, 4, 324, 18),
(94, 4, 325, 45),
(94, 1, 326, 54),
(94, 2, 327, 19),
(94, 3, 328, 32),
(94, 4, 329, 46),
(94, 1, 330, 58),
(95, 1, 331, 62),
(95, 5, 332, 43),
(95, 1, 333, 57),
(95, 3, 334, 40),
(95, 3, 335, 61),
(96, 6, 336, 62),
(96, 6, 337, 43),
(96, 3, 338, 57),
(96, 4, 339, 40),
(96, 2, 340, 61),
(97, 3, 341, 48),
(97, 4, 342, 56),
(97, 1, 343, 17),
(97, 2, 344, 31),
(97, 3, 345, 42),
(97, 4, 346, 53),
(98, 1, 347, 23),
(98, 3, 348, 54),
(99, 3, 349, 62),
(99, 3, 350, 43),
(99, 3, 351, 57),
(99, 3, 352, 40),
(99, 1, 353, 54),
(99, 1, 354, 58),
(99, 1, 355, 61),
(100, 4, 356, 45),
(100, 1, 357, 54),
(100, 2, 358, 19),
(100, 3, 359, 32),
(100, 4, 360, 46),
(100, 1, 361, 58),
(31, 0, 362, 23),
(31, 5, 363, 16),
(31, 4, 364, 24),
(31, 1, 365, 21),
(31, 1, 366, 28),
(101, 3, 367, 24),
(101, 2, 368, 31),
(101, 2, 369, 55),
(101, 1, 370, 56),
(38, 6, 371, 34),
(38, 15, 372, 69),
(38, 1, 373, 24),
(102, 4, 374, 45),
(102, 1, 375, 54),
(102, 2, 376, 19),
(102, 3, 377, 32),
(102, 4, 378, 46),
(102, 1, 379, 58),
(103, 1, 380, 15),
(103, 6, 381, 57),
(103, 2, 382, 54),
(103, 5, 383, 58),
(103, 4, 384, 62),
(103, 1, 385, 44),
(103, 2, 386, 43),
(104, 1, 387, 34),
(104, 2, 388, 15),
(104, 7, 389, 57),
(104, 2, 390, 58),
(104, 3, 391, 62),
(104, 3, 392, 44),
(104, 3, 393, 43),
(105, 11, 394, 62),
(105, 7, 395, 43),
(105, 9, 396, 57),
(105, 2, 397, 40);

-- --------------------------------------------------------

--
-- Estructura de tabla para la tabla `lista_info_nutricional`
--

CREATE TABLE `lista_info_nutricional` (
  `id_producto` int NOT NULL,
  `cantidad_cien_gr` decimal(20,6) NOT NULL,
  `id_variable_nutricional` int NOT NULL,
  `id_lista_info_nutricional` int DEFAULT NULL,
  `id_info` int NOT NULL
) ENGINE=InnoDB DEFAULT CHARSET=utf8mb3 COLLATE=utf8mb3_bin;

--
-- Volcado de datos para la tabla `lista_info_nutricional`
--

INSERT INTO `lista_info_nutricional` (`id_producto`, `cantidad_cien_gr`, `id_variable_nutricional`, `id_lista_info_nutricional`, `id_info`) VALUES
(1, 45.000000, 1, NULL, 1),
(1, 7.000000, 2, NULL, 3),
(21, 70.000000, 1, NULL, 4),
(1, 13.000000, 3, NULL, 5),
(1, 10.000000, 4, NULL, 6),
(1, 0.000000, 5, NULL, 7),
(1, 0.000000, 6, NULL, 8),
(21, 5.000000, 2, NULL, 9),
(1, 0.000000, 7, NULL, 10),
(21, 4.000000, 3, NULL, 11),
(1, 21.000000, 8, NULL, 12),
(21, 15.000000, 4, NULL, 13),
(21, 0.000000, 5, NULL, 14),
(21, 2.000000, 6, NULL, 15),
(2, 20.000000, 1, NULL, 16),
(21, 0.000000, 7, NULL, 17),
(2, 2.800000, 2, NULL, 18),
(2, 8.000000, 3, NULL, 19),
(21, 12.000000, 8, NULL, 20),
(2, 20.000000, 4, NULL, 21),
(21, 400.000000, 9, NULL, 22),
(2, 0.000000, 5, NULL, 23),
(22, 20.000000, 1, NULL, 24),
(22, 2.000000, 2, NULL, 25),
(2, 0.000000, 6, NULL, 26),
(1, 320.000000, 9, NULL, 27),
(2, 14.000000, 8, NULL, 28),
(2, 190.000000, 9, NULL, 29),
(22, 1.000000, 3, NULL, 30),
(2, 0.000000, 7, NULL, 31),
(22, 5.000000, 4, NULL, 32),
(22, 0.000000, 5, NULL, 33),
(3, 2.000000, 1, NULL, 34),
(3, 0.600000, 2, NULL, 35),
(22, 0.500000, 6, NULL, 36),
(22, 0.000000, 7, NULL, 37),
(22, 8.000000, 8, NULL, 38),
(22, 150.000000, 9, NULL, 39),
(23, 2.000000, 1, NULL, 40),
(3, 16.000000, 3, NULL, 41),
(3, 30.000000, 4, NULL, 42),
(3, 0.000000, 5, NULL, 43),
(3, 0.000000, 6, NULL, 44),
(3, 0.000000, 7, NULL, 45),
(3, 16.000000, 8, NULL, 46),
(3, 220.000000, 9, NULL, 47),
(4, 33.000000, 1, NULL, 48),
(4, 0.700000, 2, NULL, 49),
(4, 15.000000, 3, NULL, 50),
(4, 15.000000, 4, NULL, 51),
(4, 0.000000, 5, NULL, 52),
(4, 0.000000, 6, NULL, 53),
(4, 0.000000, 7, NULL, 54),
(4, 6.000000, 8, NULL, 55),
(4, 440.000000, 9, NULL, 56),
(5, 44.000000, 1, NULL, 57),
(5, 1.500000, 2, NULL, 58),
(5, 20.000000, 3, NULL, 59),
(5, 16.000000, 4, NULL, 60),
(5, 0.000000, 5, NULL, 61),
(5, 0.000000, 6, NULL, 62),
(23, 1.000000, 2, NULL, 63),
(23, 1.000000, 3, NULL, 64),
(23, 3.000000, 4, NULL, 65),
(5, 0.000000, 7, NULL, 66),
(23, 0.000000, 5, NULL, 67),
(23, 0.000000, 6, NULL, 68),
(23, 0.000000, 7, NULL, 69),
(5, 26.000000, 8, NULL, 70),
(23, 0.000000, 8, NULL, 71),
(5, 360.000000, 9, NULL, 72),
(23, 15.000000, 9, NULL, 73),
(6, 51.000000, 1, NULL, 74),
(6, 0.400000, 2, NULL, 75),
(6, 11.000000, 3, NULL, 76),
(24, 5.000000, 1, NULL, 77),
(6, 7.000000, 4, NULL, 78),
(24, 1.000000, 2, NULL, 79),
(6, 0.000000, 5, NULL, 80),
(6, 0.000000, 6, NULL, 81),
(24, 8.000000, 3, NULL, 82),
(24, 10.000000, 4, NULL, 83),
(6, 0.000000, 7, NULL, 84),
(24, 0.000000, 5, NULL, 85),
(6, 33.000000, 8, NULL, 86),
(24, 1.000000, 6, NULL, 87),
(24, 0.000000, 7, NULL, 88),
(24, 1.000000, 8, NULL, 89),
(6, 300.000000, 9, NULL, 90),
(24, 140.000000, 9, NULL, 91),
(7, 12.000000, 1, NULL, 92),
(25, 2.000000, 1, NULL, 93),
(7, 5.600000, 2, NULL, 94),
(25, 0.000000, 2, NULL, 95),
(7, 22.000000, 3, NULL, 96),
(25, 1.000000, 3, NULL, 97),
(7, 16.000000, 4, NULL, 99),
(7, 0.000000, 5, NULL, 100),
(7, 0.000000, 6, NULL, 101),
(7, 0.000000, 7, NULL, 102),
(7, 45.000000, 8, NULL, 104),
(7, 140.000000, 9, NULL, 105),
(8, 8.000000, 1, NULL, 106),
(8, 3.100000, 2, NULL, 108),
(8, 13.000000, 3, NULL, 109),
(8, 33.000000, 4, NULL, 110),
(25, 0.000000, 7, NULL, 112),
(8, 0.000000, 5, NULL, 113),
(25, 0.000000, 8, NULL, 114),
(8, 0.000000, 6, NULL, 115),
(25, 2.000000, 9, NULL, 116),
(8, 0.000000, 7, NULL, 117),
(26, 90.000000, 1, NULL, 119),
(8, 36.000000, 8, NULL, 120),
(26, 0.000000, 2, NULL, 121),
(26, 1.000000, 3, NULL, 122),
(26, 0.200000, 4, NULL, 123),
(26, 0.000000, 5, NULL, 124),
(8, 460.000000, 9, NULL, 125),
(9, 21.000000, 1, NULL, 126),
(26, 0.000000, 6, NULL, 127),
(9, 2.000000, 2, NULL, 128),
(26, 0.000000, 7, NULL, 129),
(9, 9.000000, 3, NULL, 130),
(9, 12.000000, 4, NULL, 131),
(9, 0.000000, 5, NULL, 132),
(26, 80.000000, 8, NULL, 133),
(9, 0.000000, 6, NULL, 134),
(26, 320.000000, 9, NULL, 135),
(9, 0.000000, 7, NULL, 136),
(9, 21.000000, 8, NULL, 137),
(27, 14.000000, 1, NULL, 138),
(9, 290.000000, 9, NULL, 139),
(27, 2.000000, 2, NULL, 140),
(10, 28.000000, 1, NULL, 142),
(27, 0.500000, 3, NULL, 144),
(10, 2.300000, 2, NULL, 146),
(27, 0.200000, 4, NULL, 147),
(10, 26.000000, 3, NULL, 149),
(27, 0.000000, 5, NULL, 150),
(10, 8.000000, 4, NULL, 152),
(27, 0.000000, 6, NULL, 153),
(10, 0.000000, 5, NULL, 155),
(27, 0.000000, 7, NULL, 156),
(10, 0.000000, 6, NULL, 157),
(27, 10.000000, 8, NULL, 159),
(10, 0.000000, 7, NULL, 160),
(27, 52.000000, 9, NULL, 161),
(10, 30.000000, 8, NULL, 162),
(28, 74.000000, 1, NULL, 163),
(10, 320.000000, 9, NULL, 164),
(28, 3.000000, 2, NULL, 166),
(28, 2.000000, 3, NULL, 169),
(28, 1.000000, 4, NULL, 171),
(28, 0.000000, 5, NULL, 173),
(28, 0.000000, 6, NULL, 174),
(28, 0.000000, 7, NULL, 176),
(28, 1.000000, 8, NULL, 186),
(28, 380.000000, 9, NULL, 189),
(29, 3.000000, 1, NULL, 191),
(29, 2.000000, 2, NULL, 192),
(29, 1.000000, 3, NULL, 193),
(29, 6.000000, 4, NULL, 196),
(29, 0.000000, 5, NULL, 199),
(29, 6.000000, 6, NULL, 200),
(29, 0.000000, 7, NULL, 201),
(29, 2.000000, 8, NULL, 202),
(29, 200.000000, 9, NULL, 203),
(30, 60.000000, 1, NULL, 205),
(30, 3.000000, 2, NULL, 207),
(30, 2.000000, 3, NULL, 209),
(30, 15.000000, 4, NULL, 213),
(30, 0.500000, 5, NULL, 215),
(30, 3.000000, 6, NULL, 217),
(30, 0.000000, 7, NULL, 219),
(30, 22.000000, 8, NULL, 221),
(30, 420.000000, 9, NULL, 223),
(25, 0.200000, 4, NULL, 239),
(25, 0.000000, 5, NULL, 240),
(25, 0.000000, 6, NULL, 241),
(33, 0.500000, 2, NULL, 261),
(33, 4.000000, 3, NULL, 264),
(15, 0.000000, 5, NULL, 291),
(15, 1.000000, 6, NULL, 292),
(15, 0.000000, 7, NULL, 293),
(33, 0.000000, 5, NULL, 302),
(33, 1.000000, 6, NULL, 303),
(33, 8.000000, 7, NULL, 304),
(33, 10.000000, 8, NULL, 306),
(33, 150.000000, 9, NULL, 308),
(34, 10.000000, 1, NULL, 309),
(34, 5.000000, 2, NULL, 310),
(34, 2.000000, 3, NULL, 312),
(34, 1.000000, 4, NULL, 313),
(34, 0.000000, 5, NULL, 315),
(17, 15.000000, 4, NULL, 318),
(34, 0.000000, 6, NULL, 320),
(17, 3.000000, 6, NULL, 321),
(34, 0.000000, 7, NULL, 322),
(34, 4.000000, 8, NULL, 323),
(34, 50.000000, 9, NULL, 324),
(17, 20.000000, 7, NULL, 325),
(35, 65.000000, 1, NULL, 326),
(17, 25.000000, 8, NULL, 327),
(35, 8.000000, 2, NULL, 328),
(17, 400.000000, 9, NULL, 329),
(35, 3.000000, 3, NULL, 330),
(35, 10.000000, 4, NULL, 331),
(35, 0.000000, 5, NULL, 332),
(18, 8.000000, 1, NULL, 333),
(35, 1.000000, 6, NULL, 334),
(18, 3.000000, 2, NULL, 335),
(35, 0.000000, 7, NULL, 336),
(18, 1.000000, 3, NULL, 337),
(35, 5.000000, 8, NULL, 338),
(18, 0.500000, 4, NULL, 339),
(35, 320.000000, 9, NULL, 340),
(18, 0.000000, 5, NULL, 341),
(36, 50.000000, 1, NULL, 342),
(18, 0.000000, 6, NULL, 343),
(36, 6.000000, 2, NULL, 344),
(18, 0.000000, 7, NULL, 345),
(36, 5.000000, 3, NULL, 346),
(18, 6.000000, 8, NULL, 347),
(36, 2.000000, 4, NULL, 348),
(18, 43.000000, 9, NULL, 349),
(36, 0.000000, 5, NULL, 350),
(19, 50.000000, 1, NULL, 351),
(19, 5.000000, 2, NULL, 352),
(36, 0.000000, 6, NULL, 353),
(36, 0.000000, 7, NULL, 354),
(36, 4.000000, 8, NULL, 358),
(36, 230.000000, 9, NULL, 359),
(37, 3.000000, 1, NULL, 360),
(37, 1.000000, 2, NULL, 361),
(37, 9.000000, 3, NULL, 362),
(37, 2.000000, 4, NULL, 363),
(37, 0.000000, 5, NULL, 364),
(37, 0.500000, 6, NULL, 365),
(37, 0.000000, 7, NULL, 366),
(37, 0.000000, 8, NULL, 367),
(37, 80.000000, 9, NULL, 368),
(38, 0.000000, 3, NULL, 371),
(38, 0.000000, 4, NULL, 372),
(38, 0.000000, 5, NULL, 373),
(38, 0.000000, 6, NULL, 374),
(38, 0.000000, 7, NULL, 375),
(38, 0.000000, 8, NULL, 376),
(38, 2.000000, 9, NULL, 377),
(39, 60.000000, 1, NULL, 379),
(39, 7.000000, 2, NULL, 381),
(39, 3.000000, 3, NULL, 382),
(39, 12.000000, 4, NULL, 383),
(39, 0.000000, 5, NULL, 384),
(39, 2.000000, 6, NULL, 385),
(19, 1.000000, 8, NULL, 386),
(39, 0.000000, 7, NULL, 387),
(39, 15.000000, 8, NULL, 389),
(39, 350.000000, 9, NULL, 392),
(40, 20.000000, 1, NULL, 394),
(40, 4.000000, 2, NULL, 396),
(40, 2.000000, 3, NULL, 399),
(40, 2.000000, 4, NULL, 402),
(40, 0.000000, 5, NULL, 404),
(40, 0.500000, 6, NULL, 407),
(40, 0.000000, 7, NULL, 409),
(40, 2.000000, 8, NULL, 410),
(40, 120.000000, 9, NULL, 411),
(41, 10.000000, 1, NULL, 412),
(41, 1.000000, 2, NULL, 414),
(41, 2.000000, 3, NULL, 416),
(41, 4.000000, 4, NULL, 420),
(41, 0.000000, 5, NULL, 422),
(41, 0.500000, 6, NULL, 423),
(41, 0.000000, 7, NULL, 424),
(41, 8.000000, 8, NULL, 425),
(41, 150.000000, 9, NULL, 427),
(42, 5.000000, 1, NULL, 430),
(42, 1.000000, 2, NULL, 432),
(42, 9.000000, 3, NULL, 436),
(42, 3.000000, 4, NULL, 438),
(42, 0.000000, 5, NULL, 442),
(42, 0.500000, 6, NULL, 444),
(42, 0.000000, 7, NULL, 447),
(42, 0.000000, 8, NULL, 454),
(42, 85.000000, 9, NULL, 457),
(43, 0.500000, 1, NULL, 460),
(43, 0.000000, 2, NULL, 463),
(43, 0.000000, 3, NULL, 470),
(43, 0.000000, 4, NULL, 472),
(43, 0.000000, 5, NULL, 475),
(43, 0.000000, 6, NULL, 478),
(31, 2.000000, 2, NULL, 485),
(31, 8.000000, 3, NULL, 487),
(31, 6.000000, 4, NULL, 489),
(32, 15.000000, 1, NULL, 499),
(32, 4.000000, 2, NULL, 500),
(32, 0.000000, 7, NULL, 505),
(43, 0.000000, 7, NULL, 508),
(43, 0.000000, 8, NULL, 511),
(43, 1.000000, 9, NULL, 512),
(44, 50.000000, 1, NULL, 514),
(33, 2.000000, 4, NULL, 515),
(44, 2.000000, 2, NULL, 516),
(44, 4.000000, 3, NULL, 518),
(44, 15.000000, 4, NULL, 520),
(44, 0.000000, 5, NULL, 522),
(44, 3.000000, 6, NULL, 524),
(44, 0.000000, 7, NULL, 525),
(44, 18.000000, 8, NULL, 526),
(44, 330.000000, 9, NULL, 527),
(45, 60.000000, 1, NULL, 528),
(45, 5.000000, 2, NULL, 530),
(45, 4.000000, 3, NULL, 531),
(45, 2.000000, 4, NULL, 532),
(45, 0.000000, 5, NULL, 533),
(45, 0.500000, 6, NULL, 535),
(45, 0.000000, 7, NULL, 537),
(45, 6.000000, 8, NULL, 539),
(45, 280.000000, 9, NULL, 546),
(46, 30.000000, 1, NULL, 547),
(46, 2.000000, 2, NULL, 548),
(46, 3.000000, 3, NULL, 549),
(46, 1.000000, 4, NULL, 550),
(46, 0.000000, 5, NULL, 551),
(46, 0.000000, 6, NULL, 552),
(46, 0.000000, 7, NULL, 554),
(46, 2.000000, 8, NULL, 555),
(46, 120.000000, 9, NULL, 556),
(47, 7.000000, 1, NULL, 559),
(47, 0.500000, 2, NULL, 561),
(47, 4.000000, 3, NULL, 563),
(47, 2.000000, 4, NULL, 565),
(47, 0.000000, 5, NULL, 568),
(47, 0.000000, 6, NULL, 570),
(47, 0.000000, 7, NULL, 573),
(47, 4.000000, 8, NULL, 574),
(47, 80.000000, 9, NULL, 575),
(48, 15.000000, 1, NULL, 576),
(48, 1.000000, 2, NULL, 578),
(48, 3.000000, 3, NULL, 583),
(48, 2.000000, 4, NULL, 584),
(48, 0.000000, 5, NULL, 586),
(48, 0.500000, 6, NULL, 588),
(48, 8.000000, 7, NULL, 594),
(48, 10.000000, 8, NULL, 596),
(48, 170.000000, 9, NULL, 598),
(11, 3.000000, 2, NULL, 604),
(31, 40.000000, 1, NULL, 605),
(11, 20.000000, 4, NULL, 609),
(11, 0.000000, 7, NULL, 615),
(31, 290.000000, 9, NULL, 620),
(12, 5.000000, 2, NULL, 623),
(32, 6.000000, 3, NULL, 626),
(12, 15.000000, 4, NULL, 627),
(32, 0.000000, 5, NULL, 629),
(32, 0.000000, 6, NULL, 630),
(12, 0.000000, 7, NULL, 637),
(13, 2.000000, 6, NULL, 650),
(14, 2.000000, 8, NULL, 674),
(15, 4.000000, 4, NULL, 684),
(15, 1.000000, 8, NULL, 689),
(15, 120.000000, 9, NULL, 693),
(16, 20.000000, 1, NULL, 695),
(16, 0.500000, 2, NULL, 697),
(16, 5.000000, 3, NULL, 699),
(38, 20.000000, 1, NULL, 700),
(38, 10.000000, 2, NULL, 701),
(16, 0.000000, 5, NULL, 706),
(19, 500.000000, 9, NULL, 753),
(11, 480.000000, 9, NULL, 992),
(12, 1.000000, 8, NULL, 1014),
(12, 300.000000, 9, NULL, 1015),
(13, 0.500000, 2, NULL, 1017),
(13, 5.000000, 4, NULL, 1026),
(13, 0.000000, 5, NULL, 1028),
(31, 0.000000, 5, NULL, 1031),
(13, 10.000000, 7, NULL, 1032),
(31, 1.000000, 6, NULL, 1033),
(31, 0.000000, 7, NULL, 1035),
(31, 1.000000, 8, NULL, 1037),
(13, 120.000000, 9, NULL, 1041),
(14, 2.000000, 2, NULL, 1044),
(14, 8.000000, 3, NULL, 1046),
(14, 12.000000, 4, NULL, 1047),
(14, 0.000000, 5, NULL, 1048),
(14, 20.000000, 7, NULL, 1052),
(32, 1.000000, 4, NULL, 1053),
(15, 5.000000, 1, NULL, 1059),
(32, 3.000000, 8, NULL, 1060),
(15, 3.000000, 2, NULL, 1061),
(32, 110.000000, 9, NULL, 1062),
(33, 12.000000, 1, NULL, 1066),
(16, 5.000000, 7, NULL, 1102),
(16, 30.000000, 8, NULL, 1105),
(16, 180.000000, 9, NULL, 1108),
(17, 2.000000, 2, NULL, 1116),
(17, 4.000000, 3, NULL, 1118),
(17, 0.500000, 5, NULL, 1123),
(11, 55.000000, 1, NULL, 1168),
(19, 2.000000, 3, NULL, 1170),
(19, 20.000000, 4, NULL, 1172),
(11, 6.000000, 3, NULL, 1174),
(19, 0.500000, 5, NULL, 1176),
(11, 0.500000, 5, NULL, 1178),
(11, 4.000000, 6, NULL, 1179),
(19, 4.000000, 6, NULL, 1181),
(11, 20.000000, 8, NULL, 1182),
(19, 0.000000, 7, NULL, 1184),
(20, 40.000000, 1, NULL, 1188),
(12, 70.000000, 1, NULL, 1190),
(20, 1.000000, 2, NULL, 1191),
(20, 5.000000, 3, NULL, 1194),
(12, 8.000000, 3, NULL, 1196),
(20, 10.000000, 4, NULL, 1197),
(20, 0.000000, 5, NULL, 1201),
(20, 3.000000, 6, NULL, 1205),
(12, 0.000000, 5, NULL, 1207),
(20, 30.000000, 7, NULL, 1208),
(12, 2.000000, 6, NULL, 1210),
(20, 25.000000, 8, NULL, 1211),
(13, 10.000000, 1, NULL, 1219),
(13, 3.000000, 3, NULL, 1225),
(13, 15.000000, 8, NULL, 1233),
(14, 30.000000, 1, NULL, 1237),
(14, 6.000000, 6, NULL, 1242),
(14, 350.000000, 9, NULL, 1245),
(15, 8.000000, 3, NULL, 1248),
(16, 3.000000, 4, NULL, 1258),
(16, 2.000000, 6, NULL, 1260),
(17, 50.000000, 1, NULL, 1264),
(20, 350.000000, 9, NULL, 1354),
(49, 3.000000, 1, NULL, 1459),
(49, 0.500000, 2, NULL, 1460),
(49, 10.000000, 3, NULL, 1461),
(49, 2.000000, 4, NULL, 1462),
(49, 0.000000, 5, NULL, 1463),
(49, 0.500000, 6, NULL, 1464),
(49, 0.000000, 7, NULL, 1465),
(49, 0.000000, 8, NULL, 1466),
(49, 85.000000, 9, NULL, 1467),
(50, 50.000000, 1, NULL, 1468),
(50, 6.000000, 2, NULL, 1469),
(50, 4.000000, 3, NULL, 1470),
(50, 12.000000, 4, NULL, 1471),
(50, 0.000000, 5, NULL, 1472),
(50, 3.000000, 6, NULL, 1473),
(50, 0.000000, 7, NULL, 1474),
(50, 15.000000, 8, NULL, 1475),
(50, 350.000000, 9, NULL, 1476);

-- --------------------------------------------------------

--
-- Estructura de tabla para la tabla `lista_producto_ingredientes`
--

CREATE TABLE `lista_producto_ingredientes` (
  `id_lista_ingrediente` int NOT NULL,
  `id_ingrediente` int NOT NULL,
  `id_producto` int NOT NULL,
  `cantidad(gr)` int NOT NULL
) ENGINE=InnoDB DEFAULT CHARSET=utf8mb3 COLLATE=utf8mb3_bin;

--
-- Volcado de datos para la tabla `lista_producto_ingredientes`
--

INSERT INTO `lista_producto_ingredientes` (`id_lista_ingrediente`, `id_ingrediente`, `id_producto`, `cantidad(gr)`) VALUES
(1, 0, 11, 20),
(2, 1, 11, 10),
(3, 2, 11, 5),
(4, 3, 11, 15),
(5, 4, 12, 30),
(6, 7, 12, 5),
(7, 8, 12, 2),
(8, 9, 13, 100),
(9, 10, 13, 8),
(10, 16, 13, 25),
(11, 0, 14, 40),
(12, 15, 14, 10),
(13, 16, 14, 30),
(14, 18, 15, 60),
(15, 20, 15, 25),
(16, 21, 15, 30),
(17, 22, 15, 20),
(18, 1, 16, 50),
(19, 7, 16, 3),
(20, 8, 16, 5),
(21, 0, 17, 35),
(22, 1, 17, 40),
(23, 3, 17, 10),
(24, 7, 17, 3),
(25, 38, 18, 100),
(26, 39, 18, 2),
(27, 40, 18, 10),
(28, 41, 18, 1),
(29, 4, 19, 60),
(30, 18, 19, 40),
(31, 20, 19, 10),
(32, 21, 19, 5),
(33, 16, 20, 40),
(34, 24, 20, 20),
(35, 25, 20, 3),
(36, 0, 21, 25),
(37, 4, 21, 15),
(38, 20, 21, 10),
(39, 21, 21, 10),
(40, 4, 22, 5),
(41, 16, 22, 10),
(42, 20, 22, 5),
(43, 22, 22, 2),
(44, 9, 23, 90),
(45, 38, 23, 5),
(46, 40, 23, 5),
(47, 41, 23, 1),
(48, 4, 24, 30),
(49, 18, 24, 20),
(50, 20, 24, 15),
(51, 21, 24, 10),
(52, 1, 25, 95),
(53, 7, 25, 2),
(54, 8, 25, 3),
(55, 9, 25, 5),
(56, 1, 26, 85),
(57, 7, 26, 1),
(58, 8, 26, 3),
(59, 9, 26, 2),
(60, 38, 27, 100),
(61, 39, 27, 2),
(62, 40, 27, 10),
(63, 41, 27, 1),
(64, 0, 28, 40),
(65, 4, 28, 15),
(66, 21, 28, 5),
(67, 9, 29, 80),
(68, 38, 29, 5),
(69, 40, 29, 5),
(70, 41, 29, 1),
(71, 4, 30, 30),
(72, 10, 30, 20),
(73, 21, 30, 5),
(74, 22, 30, 10),
(75, 4, 31, 40),
(76, 10, 31, 10),
(77, 21, 31, 10),
(78, 22, 31, 5),
(79, 38, 32, 80),
(80, 40, 32, 10),
(81, 41, 32, 1),
(82, 0, 33, 35),
(83, 1, 33, 40),
(84, 3, 33, 10),
(85, 7, 33, 3),
(86, 16, 34, 40),
(87, 24, 34, 20),
(88, 25, 34, 3),
(89, 38, 35, 85),
(90, 40, 35, 10),
(91, 41, 35, 1),
(92, 9, 36, 100),
(93, 10, 36, 8),
(94, 16, 36, 25),
(95, 0, 37, 50),
(96, 17, 37, 15),
(97, 20, 37, 10),
(98, 21, 37, 5),
(99, 27, 38, 90),
(100, 40, 38, 5),
(101, 41, 38, 1),
(102, 4, 39, 40),
(103, 10, 39, 10),
(104, 21, 39, 10),
(105, 22, 39, 5),
(106, 9, 40, 95),
(107, 38, 40, 5),
(108, 40, 40, 5),
(109, 41, 40, 1),
(110, 0, 41, 60),
(111, 17, 41, 20),
(112, 20, 41, 10),
(113, 21, 41, 5),
(114, 9, 42, 80),
(115, 38, 42, 5),
(116, 40, 42, 5),
(117, 41, 42, 1),
(118, 4, 43, 40),
(119, 9, 43, 10),
(120, 10, 43, 10),
(121, 21, 43, 5),
(122, 1, 44, 95),
(123, 7, 44, 2),
(124, 8, 44, 3),
(125, 9, 44, 5),
(126, 1, 45, 70),
(127, 7, 45, 2),
(128, 29, 45, 20),
(129, 38, 46, 85),
(130, 40, 46, 10),
(131, 41, 46, 1),
(132, 0, 47, 30),
(133, 19, 47, 20),
(134, 20, 47, 10),
(135, 21, 47, 5),
(136, 38, 48, 100),
(137, 39, 48, 2),
(138, 40, 48, 10),
(139, 41, 48, 1),
(140, 0, 49, 40),
(141, 10, 49, 10),
(142, 20, 49, 10),
(143, 21, 49, 5),
(144, 9, 50, 85),
(145, 38, 50, 5),
(146, 40, 50, 10),
(147, 41, 50, 1);

-- --------------------------------------------------------

--
-- Estructura de tabla para la tabla `lista_producto_paquetes`
--

CREATE TABLE `lista_producto_paquetes` (
  `id_producto_paquete` int NOT NULL,
  `id_producto` int DEFAULT NULL,
  `peso` int DEFAULT NULL,
  `precio_produto_paqeute` int DEFAULT NULL
) ENGINE=InnoDB DEFAULT CHARSET=utf8mb3 COLLATE=utf8mb3_bin;

--
-- Volcado de datos para la tabla `lista_producto_paquetes`
--

INSERT INTO `lista_producto_paquetes` (`id_producto_paquete`, `id_producto`, `peso`, `precio_produto_paqeute`) VALUES
(1, 1, 100, NULL),
(2, 1, 225, NULL),
(3, 2, 350, NULL),
(4, 3, 60, NULL),
(5, 4, 50, NULL),
(6, 4, 125, NULL),
(7, 4, 200, NULL),
(8, 5, 200, NULL),
(9, 6, 100, NULL),
(10, 7, 150, NULL),
(11, 8, 500, NULL),
(12, 9, 200, NULL),
(13, 9, 350, NULL),
(14, 10, 75, NULL),
(15, 11, 200, NULL),
(16, 11, 400, NULL),
(17, 11, 800, NULL),
(18, 12, 150, NULL),
(19, 12, 300, NULL),
(20, 13, 250, NULL),
(21, 13, 500, NULL),
(22, 13, 1000, NULL),
(23, 14, 200, NULL),
(24, 14, 400, NULL),
(25, 15, 100, NULL),
(26, 15, 200, NULL),
(27, 15, 400, NULL),
(28, 16, 250, NULL),
(29, 16, 500, NULL),
(30, 16, 1000, NULL),
(31, 17, 150, NULL),
(32, 17, 300, NULL),
(33, 18, 200, NULL),
(34, 19, 400, NULL),
(35, 20, 800, NULL),
(36, 21, 150, NULL),
(37, 21, 300, NULL),
(38, 21, 600, NULL),
(39, 22, 200, NULL),
(40, 23, 500, NULL),
(41, 23, 1000, NULL),
(42, 24, 150, NULL),
(43, 25, 300, NULL),
(44, 26, 800, NULL),
(45, 27, 150, NULL),
(46, 27, 300, NULL),
(47, 28, 600, NULL),
(48, 29, 200, NULL),
(49, 30, 400, NULL),
(50, 31, 800, NULL),
(51, 32, 100, NULL),
(52, 33, 200, NULL),
(53, 34, 400, NULL),
(54, 35, 800, NULL),
(55, 36, 100, NULL),
(56, 37, 200, NULL),
(57, 38, 400, NULL),
(58, 39, 800, NULL),
(59, 40, 100, NULL),
(60, 41, 200, NULL),
(61, 42, 400, NULL),
(62, 43, 800, NULL),
(63, 44, 100, NULL),
(64, 45, 200, NULL),
(65, 46, 400, NULL),
(66, 47, 800, NULL),
(67, 48, 200, NULL),
(68, 49, 100, NULL),
(69, 49, 200, NULL),
(70, 50, 300, NULL),
(71, 50, 700, NULL);

-- --------------------------------------------------------

--
-- Estructura de tabla para la tabla `lista_usuario_metas`
--

CREATE TABLE `lista_usuario_metas` (
  `id_meta_usuario` int NOT NULL,
  `id_meta` int NOT NULL,
  `id_usuario` int NOT NULL,
  `nivel_restriccion` int DEFAULT NULL,
  `meta_activa` int DEFAULT NULL
) ENGINE=InnoDB DEFAULT CHARSET=utf8mb3 COLLATE=utf8mb3_bin;

--
-- Volcado de datos para la tabla `lista_usuario_metas`
--

INSERT INTO `lista_usuario_metas` (`id_meta_usuario`, `id_meta`, `id_usuario`, `nivel_restriccion`, `meta_activa`) VALUES
(1, 5, 3, NULL, 1),
(2, 1, 2, 69, 1),
(3, 6, 2, 50, 1),
(4, 5, 2, 100, 1),
(5, 2, 1, 78, 0),
(6, 5, 1, 63, 0),
(7, 3, 1, 30, 0),
(9, 4, 1, 50, 0),
(10, 6, 1, 68, 0),
(11, 1, 1, 31, 1),
(12, 2, 1, 78, 0);

-- --------------------------------------------------------

--
-- Estructura de tabla para la tabla `mentores`
--

CREATE TABLE `mentores` (
  `id_mentor` int NOT NULL,
  `id_usuario` int DEFAULT NULL,
  `mentor` int DEFAULT NULL,
  `valoracion_mentor` int DEFAULT NULL
) ENGINE=InnoDB DEFAULT CHARSET=utf8mb4 COLLATE=utf8mb4_0900_ai_ci;

--
-- Volcado de datos para la tabla `mentores`
--

INSERT INTO `mentores` (`id_mentor`, `id_usuario`, `mentor`, `valoracion_mentor`) VALUES
(1, 1, 1, 30),
(3, 11, 1, 33),
(4, 12, 1, 77),
(5, 13, 1, 88),
(6, 14, 1, 11),
(7, 15, 1, 20),
(8, 16, 1, 50),
(9, 17, 1, 55),
(10, 18, 1, 93),
(11, 19, 1, 20),
(12, 20, 1, 1),
(13, 21, 1, 44),
(14, 22, 1, 60),
(15, 23, 1, 13),
(16, 24, 1, 29),
(17, 25, 1, 66),
(18, 26, 1, 80),
(19, 27, 1, 41),
(20, 28, 1, 35),
(21, 29, 1, 77),
(22, 30, 1, 27),
(23, NULL, 0, NULL),
(24, 2, 0, NULL);

-- --------------------------------------------------------

--
-- Estructura de tabla para la tabla `metas`
--

CREATE TABLE `metas` (
  `id_meta` int NOT NULL,
  `descripcion_meta` varchar(50) CHARACTER SET utf8mb3 COLLATE utf8mb3_bin DEFAULT NULL,
  `cantidad_maxima(gr)` int DEFAULT NULL,
  `cantidad_minima(gr)` int DEFAULT NULL,
  `id_variable_nutricional` int DEFAULT NULL,
  `mas_menos` int DEFAULT NULL
) ENGINE=InnoDB DEFAULT CHARSET=utf8mb3 COLLATE=utf8mb3_bin;

--
-- Volcado de datos para la tabla `metas`
--

INSERT INTO `metas` (`id_meta`, `descripcion_meta`, `cantidad_maxima(gr)`, `cantidad_minima(gr)`, `id_variable_nutricional`, `mas_menos`) VALUES
(1, 'Reducir Calorias', 1200, 2000, 9, 1),
(2, 'Aumentar Calorias', 2200, 3400, 9, 0),
(3, 'Reducir Azucar(gr)', 0, 50, 8, 1),
(4, 'Reducir Grasa(gr)', 35, 70, 4, 1),
(5, 'Aumentar Proteina(gr)', 50, 140, 3, 0),
(6, 'Aumentar Fibra(gr)', 25, 40, 2, 0);

-- --------------------------------------------------------

--
-- Estructura de tabla para la tabla `productos`
--

CREATE TABLE `productos` (
  `id_producto` int NOT NULL,
  `nombre_producto` varchar(50) CHARACTER SET utf8mb3 COLLATE utf8mb3_bin DEFAULT NULL,
  `tipo_producto` varchar(50) CHARACTER SET utf8mb3 COLLATE utf8mb3_bin DEFAULT NULL,
  `apto_vegano` varchar(50) CHARACTER SET utf8mb3 COLLATE utf8mb3_bin DEFAULT NULL,
  `apto_vegetariano` varchar(50) CHARACTER SET utf8mb3 COLLATE utf8mb3_bin DEFAULT NULL,
  `apto_celiaco` varchar(50) CHARACTER SET utf8mb3 COLLATE utf8mb3_bin DEFAULT NULL,
  `nutritional_score` int DEFAULT NULL
) ENGINE=InnoDB DEFAULT CHARSET=utf8mb3 COLLATE=utf8mb3_bin;

--
-- Volcado de datos para la tabla `productos`
--

INSERT INTO `productos` (`id_producto`, `nombre_producto`, `tipo_producto`, `apto_vegano`, `apto_vegetariano`, `apto_celiaco`, `nutritional_score`) VALUES
(1, 'Producto 1', 'Snack', '0', '0', '0', 7),
(2, 'Producto 2', 'Galleta', '0', '0', '0', 6),
(3, 'Producto 3', 'Snack', '0', '0', '0', 1),
(4, 'Producto 4', 'Snack', '1', '1', '0', 8),
(5, 'Producto 5', 'Galleta', '0', '0', '0', 5),
(6, 'Producto 6', 'Snack', '0', '0', '1', 4),
(7, 'Producto 7', 'Galleta', '0', '1', '0', 6),
(8, 'Producto 8', 'Snack', '0', '0', '1', 9),
(9, 'Producto 9', 'Galleta', '0', '0', '0', 3),
(10, 'Producto 10', 'Snack', '0', '0', '0', 3),
(11, 'Chocochips', 'Galleta', '0', '0', '1', 6),
(12, 'Crispy Snacks', 'Snack', '0', '0', '0', 4),
(13, 'Yogurt de Fresa', 'Lácteo', '0', '1', '0', 8),
(14, 'Pizza Margarita', 'Snack', '0', '1', '0', 7),
(15, 'Tofu con Verduras', 'Embutido', '1', '1', '0', 9),
(16, 'Batido de Chocolate', 'Bebida', '1', '1', '0', 7),
(17, 'Brownie de Chocolate', 'Postre', '0', '0', '1', 5),
(18, 'Naranja', 'Fruta', '1', '1', '1', 10),
(19, 'Papas Fritas', 'Snack', '0', '0', '0', 3),
(20, 'Helado de Vainilla', 'Postre', '0', '1', '0', 6),
(21, 'Galletas de Avena', 'Galleta', '1', '1', '1', 8),
(22, 'Sopa de Tomate', 'Snack', '1', '1', '1', 7),
(23, 'Leche de Almendras', 'Lácteo', '1', '1', '1', 9),
(24, 'Salchichas de Tofu', 'Embutido', '1', '1', '0', 8),
(25, 'Café', 'Bebida', '1', '1', '1', 7),
(26, 'Gelatina de Frutas', 'Postre', '1', '1', '1', 6),
(27, 'Manzana', 'Fruta', '1', '1', '1', 10),
(28, 'Pretzels', 'Snack', '0', '0', '1', 4),
(29, 'Leche de Coco', 'Lácteo', '1', '1', '0', 8),
(30, 'Queso Vegano', 'Lácteo', '1', '1', '1', 7),
(31, 'Sándwich de Tofu', 'Embutido', '1', '1', '0', 7),
(32, 'Jugo de Naranja', 'Bebida', '1', '1', '1', 9),
(33, 'Pastel de Chocolate', 'Postre', '0', '0', '0', 5),
(34, 'Uvas', 'Fruta', '1', '1', '1', 9),
(35, 'Chips de Zanahoria', 'Snack', '1', '1', '1', 6),
(36, 'Yogurt de Coco', 'Lácteo', '1', '1', '0', 8),
(37, 'Salchichas Vegetarianas', 'Embutido', '1', '1', '1', 7),
(38, 'Té Verde', 'Bebida', '1', '1', '1', 8),
(39, 'Pudín de Vainilla', 'Postre', '0', '1', '0', 6),
(40, 'Sandía', 'Fruta', '1', '1', '1', 10),
(41, 'Palitos de Queso', 'Snack', '0', '1', '0', 4),
(42, 'Leche de Avena', 'Lácteo', '1', '1', '1', 8),
(43, 'Salchichas de Soja', 'Embutido', '1', '1', '0', 7),
(44, 'Jugo de Manzana', 'Bebida', '1', '1', '1', 9),
(45, 'Tarta de Fresas', 'Postre', '0', '0', '1', 6),
(46, 'Plátano', 'Fruta', '1', '1', '1', 10),
(47, 'Pistachos', 'Snack', '0', '0', '0', 4),
(48, 'Yogurt de Arandanos', 'Lácteo', '0', '1', '0', 7),
(49, 'Jamon Crudo', 'Embutido', '0', '0', '0', 8),
(50, 'Té de Hierbabuena', 'Bebida', '1', '1', '1', 8);

-- --------------------------------------------------------

--
-- Estructura de tabla para la tabla `recomendaciones`
--

CREATE TABLE `recomendaciones` (
  `id_recomendacion` int NOT NULL,
  `id_usuario` int DEFAULT NULL,
  `id_producto` int DEFAULT NULL,
  `valor_recomendacion` int DEFAULT NULL
) ENGINE=InnoDB DEFAULT CHARSET=utf8mb4 COLLATE=utf8mb4_0900_ai_ci;

--
-- Volcado de datos para la tabla `recomendaciones`
--

INSERT INTO `recomendaciones` (`id_recomendacion`, `id_usuario`, `id_producto`, `valor_recomendacion`) VALUES
(1, 1, 11, 1),
(2, 1, 20, 1),
(3, 1, 16, 2),
(4, 14, 35, 1),
(5, 17, 27, 1),
(6, 28, 27, 1),
(7, 20, 24, 1),
(8, 21, 41, 1),
(9, 27, 27, 2),
(10, 25, 43, 2),
(11, 14, 15, 1),
(12, 27, 48, 1),
(13, 24, 28, 1),
(14, 19, 36, 2),
(15, 26, 13, 2),
(16, 23, 21, 1),
(17, 22, 24, 1),
(18, 11, 14, 1),
(19, 23, 48, 2),
(20, 22, 19, 1),
(21, 30, 48, 2),
(22, 11, 46, 1),
(24, 25, 17, 2),
(25, 19, 30, 1),
(26, 29, 24, 2),
(27, 23, 22, 2),
(28, 11, 28, 1),
(29, 14, 30, 1),
(30, 23, 11, 1),
(31, 15, 28, 1),
(32, 13, 20, 2),
(33, 12, 12, 1),
(34, 11, 50, 2),
(35, 17, 15, 2),
(36, 22, 17, 1),
(37, 22, 48, 2),
(38, 28, 31, 2),
(39, 14, 12, 2),
(40, 12, 28, 1),
(41, 27, 49, 1),
(42, 30, 39, 2),
(43, 17, 31, 2),
(44, 22, 47, 2),
(45, 27, 22, 2),
(46, 12, 31, 1),
(47, 11, 16, 2),
(48, 24, 34, 2),
(50, 17, 28, 1),
(51, 29, 49, 1),
(52, 14, 45, 2),
(53, 13, 30, 1),
(54, 23, 15, 2),
(55, 13, 31, 1),
(56, 21, 47, 1),
(57, 18, 44, 1),
(58, 22, 41, 1),
(59, 15, 45, 2),
(60, 24, 29, 1),
(61, 25, 45, 1),
(62, 24, 37, 1),
(63, 16, 35, 1),
(64, 13, 15, 1),
(65, 21, 15, 2),
(66, 21, 42, 1),
(67, 18, 43, 2),
(68, 18, 49, 2),
(69, 19, 17, 2),
(70, 18, 17, 2),
(71, 23, 26, 2),
(72, 25, 40, 1),
(73, 13, 19, 2),
(74, 25, 36, 1),
(75, 14, 47, 2),
(76, 30, 13, 1),
(77, 25, 30, 1),
(78, 27, 28, 2),
(79, 14, 41, 1),
(80, 12, 37, 1),
(81, 12, 21, 1),
(82, 28, 12, 2),
(83, 24, 38, 1),
(85, 27, 13, 2),
(86, 19, 28, 2),
(87, 13, 11, 2),
(88, 15, 21, 2),
(89, 28, 46, 2),
(90, 16, 14, 2),
(91, 19, 31, 1),
(92, 30, 49, 2),
(93, 21, 11, 1),
(94, 14, 37, 2),
(95, 19, 18, 2),
(96, 16, 41, 2),
(97, 17, 47, 2),
(98, 27, 32, 1),
(99, 26, 49, 2),
(100, 11, 22, 1),
(101, 12, 20, 2),
(102, 30, 50, 1),
(103, 14, 46, 2),
(104, 23, 31, 2),
(105, 30, 43, 1),
(107, 19, 40, 1),
(108, 22, 46, 2),
(109, 21, 40, 1),
(110, 18, 32, 2),
(111, 29, 19, 1),
(112, 23, 27, 1),
(113, 23, 38, 1),
(114, 16, 48, 2),
(115, 23, 28, 1),
(116, 21, 27, 2),
(117, 25, 41, 2),
(118, 15, 11, 1),
(120, 28, 23, 2),
(122, 12, 32, 2),
(123, 29, 15, 2),
(124, 23, 42, 1),
(125, 28, 16, 1),
(127, 16, 45, 1),
(128, 24, 14, 1),
(129, 18, 46, 1),
(131, 20, 27, 2),
(132, 26, 16, 1),
(133, 11, 21, 1),
(134, 17, 46, 1),
(135, 27, 38, 2),
(137, 29, 50, 1),
(138, 30, 19, 1),
(139, 16, 43, 1),
(140, 12, 25, 2),
(143, 13, 42, 2),
(145, 22, 22, 2),
(146, 20, 25, 1),
(147, 11, 42, 2),
(148, 12, 39, 1),
(149, 21, 34, 1),
(150, 11, 12, 1),
(151, 19, 44, 2),
(152, 13, 41, 1),
(153, 29, 20, 1),
(154, 20, 14, 1),
(155, 28, 22, 2),
(156, 15, 39, 2),
(157, 30, 24, 2),
(158, 12, 11, 2),
(159, 27, 41, 1),
(160, 26, 35, 2),
(161, 24, 19, 1),
(162, 25, 27, 2),
(163, 13, 47, 1),
(165, 21, 21, 2),
(166, 29, 23, 2),
(167, 14, 26, 1),
(168, 26, 41, 1),
(169, 30, 32, 2),
(170, 29, 35, 1),
(171, 17, 49, 2),
(172, 11, 44, 1),
(173, 26, 40, 1),
(174, 25, 25, 2),
(176, 13, 21, 2),
(177, 13, 39, 1),
(178, 27, 36, 2),
(179, 12, 33, 2),
(181, 22, 21, 2),
(182, 13, 44, 2),
(183, 25, 14, 1),
(184, 30, 18, 1),
(187, 21, 12, 2),
(188, 25, 47, 1),
(190, 30, 34, 2),
(191, 29, 43, 1),
(192, 29, 40, 2),
(193, 20, 32, 1),
(195, 21, 17, 1),
(196, 16, 49, 2),
(198, 28, 11, 1),
(199, 29, 25, 1),
(200, 21, 20, 2),
(201, 18, 48, 2),
(202, 14, 14, 2),
(204, 1, 14, 1),
(205, 1, 21, 2),
(206, 1, 27, 2);

-- --------------------------------------------------------

--
-- Estructura de tabla para la tabla `sesiones`
--

CREATE TABLE `sesiones` (
  `id_sesion` int NOT NULL,
  `id_usuario` int DEFAULT NULL,
  `fecha_inicio` datetime DEFAULT NULL,
  `fecha_fin` datetime DEFAULT NULL
) ENGINE=InnoDB DEFAULT CHARSET=utf8mb3 COLLATE=utf8mb3_bin;

--
-- Volcado de datos para la tabla `sesiones`
--

INSERT INTO `sesiones` (`id_sesion`, `id_usuario`, `fecha_inicio`, `fecha_fin`) VALUES
(1, 1, '2022-06-27 13:22:37', NULL),
(2, 1, '2022-06-27 13:40:20', NULL),
(3, 1, '2022-06-27 14:08:23', NULL),
(4, 1, '2022-06-27 14:09:10', NULL),
(5, 1, '2022-06-27 14:10:12', NULL),
(6, 1, '2022-06-27 14:13:55', NULL),
(7, 1, '2022-06-27 14:14:33', '2022-06-27 14:14:35'),
(8, 1, '2022-06-27 14:50:12', NULL),
(9, 1, '2022-06-27 14:51:04', NULL),
(10, 1, '2022-06-27 14:51:27', '2022-06-27 14:51:29'),
(11, 1, '2022-06-27 14:51:34', NULL),
(12, 1, '2022-06-27 14:53:45', NULL),
(13, 1, '2022-06-27 15:23:08', NULL),
(14, 1, '2022-06-27 15:48:23', NULL),
(15, 1, '2022-06-27 15:48:53', NULL),
(16, 1, '2022-06-27 15:49:53', NULL),
(17, 1, '2022-06-27 15:51:35', NULL),
(18, 1, '2022-06-27 15:55:34', NULL),
(19, 1, '2022-06-27 15:58:12', NULL),
(20, 1, '2022-06-27 16:00:13', '2022-06-27 16:14:55'),
(21, 1, '2022-06-27 16:14:59', '2022-06-27 16:15:51'),
(22, 1, '2022-06-27 16:15:55', '2022-06-27 16:16:16'),
(23, 1, '2022-06-27 16:16:20', '2022-06-27 16:16:23'),
(24, 1, '2022-06-27 16:16:26', '2022-06-27 16:18:24'),
(25, 2, '2022-06-27 16:18:30', '2022-06-27 16:18:32'),
(26, 1, '2022-06-27 16:18:35', '2022-06-27 16:20:59'),
(27, 1, '2022-06-27 16:21:04', '2022-06-27 16:22:46'),
(28, 1, '2022-06-27 16:22:54', NULL),
(29, 1, '2022-06-27 18:54:53', NULL),
(30, 1, '2022-06-27 20:59:52', NULL),
(31, 1, '2022-07-02 13:45:23', NULL),
(32, 2, '2022-07-02 13:49:49', '2022-07-02 17:14:58'),
(33, 1, '2022-07-02 17:15:03', NULL),
(34, 1, '2022-07-03 23:50:56', NULL),
(35, 1, '2022-07-17 13:14:12', '2022-07-17 13:43:26'),
(36, 1, '2022-07-17 13:43:38', NULL),
(37, 1, '2022-07-17 14:43:30', '2022-07-17 14:43:32'),
(38, 1, '2022-07-17 17:39:57', NULL),
(39, 1, '2022-09-09 15:49:06', NULL),
(40, 1, '2022-09-09 20:36:19', NULL),
(41, 1, '2022-09-18 12:50:54', '2022-09-18 13:21:18'),
(42, 1, '2022-09-18 13:21:21', '2022-09-18 13:22:00'),
(43, 1, '2022-09-18 13:22:03', '2022-09-18 15:13:50'),
(44, 1, '2022-09-18 15:13:54', '2022-09-18 16:12:59'),
(45, 1, '2022-09-18 16:13:02', NULL),
(46, 1, '2022-09-24 18:46:34', NULL),
(47, 1, '2022-09-24 18:47:28', NULL),
(48, 1, '2022-09-24 18:48:05', '2022-09-24 18:48:36'),
(49, 1, '2022-09-24 18:48:39', '2022-09-24 18:58:54'),
(50, 1, '2022-09-24 18:58:58', NULL),
(51, 1, '2022-09-24 21:17:28', NULL),
(52, 1, '2022-09-24 21:54:03', '2022-09-24 22:07:07'),
(53, 1, '2022-09-24 22:07:22', NULL),
(54, 1, '2022-10-09 19:02:35', '2022-10-09 19:58:30'),
(55, 1, '2022-10-09 19:58:35', NULL),
(56, 1, '2022-10-09 20:19:01', NULL),
(57, 1, '2022-10-09 22:45:02', NULL),
(58, 1, '2022-10-15 12:59:36', NULL),
(59, 1, '2022-10-15 13:11:54', NULL),
(60, 1, '2022-10-15 13:12:16', NULL),
(61, 1, '2022-10-15 18:41:01', NULL),
(62, 1, '2022-10-21 15:14:02', '2022-10-21 17:28:11'),
(63, 1, '2022-10-21 17:29:53', '2022-10-21 17:30:35'),
(64, 1, '2022-10-21 17:30:40', NULL),
(65, 1, '2022-10-22 18:19:47', NULL),
(66, 1, '2022-10-22 19:30:59', NULL),
(67, 1, '2022-10-23 13:47:19', NULL),
(68, 1, '2022-10-25 10:57:25', '2022-10-25 11:02:20'),
(69, 1, '2022-10-25 11:02:27', NULL),
(70, 1, '2023-03-09 14:12:21', NULL),
(71, 1, '2023-09-21 14:55:55', NULL),
(72, 1, '2023-09-22 10:23:28', NULL),
(73, 1, '2023-09-22 17:06:08', NULL),
(74, 1, '2023-09-23 09:33:10', NULL),
(75, 1, '2023-09-30 20:04:11', NULL),
(76, 1, '2023-10-01 12:00:22', NULL),
(77, 1, '2023-10-01 12:02:32', NULL),
(78, 1, '2023-10-01 12:03:46', '2023-10-01 12:30:19'),
(79, 1, '2023-10-01 12:30:23', NULL),
(80, 1, '2023-10-01 12:30:43', '2023-10-01 12:37:34'),
(81, 1, '2023-10-01 12:37:38', '2023-10-01 12:55:23'),
(82, 1, '2023-10-01 12:55:27', '2023-10-01 12:55:31'),
(83, 1, '2023-10-01 12:55:37', '2023-10-01 13:12:59'),
(84, 1, '2023-10-01 13:13:11', '2023-10-01 13:14:26'),
(85, 1, '2023-10-01 13:14:31', '2023-10-01 13:30:22'),
(86, 1, '2023-10-01 13:30:25', '2023-10-01 13:51:11'),
(87, 1, '2023-10-01 13:51:14', NULL),
(88, 1, '2023-10-01 13:58:34', NULL),
(89, 1, '2023-10-01 13:58:51', '2023-10-01 14:22:34'),
(90, 1, '2023-10-01 14:22:38', NULL),
(91, 1, '2023-10-01 14:36:22', NULL),
(92, 1, '2023-10-01 14:40:37', NULL),
(93, 1, '2023-10-01 14:41:02', '2023-10-01 14:44:17'),
(94, 1, '2023-10-01 14:44:21', '2023-10-01 14:59:14'),
(95, 1, '2023-10-01 14:59:18', '2023-10-01 15:05:52'),
(96, 1, '2023-10-01 15:05:56', '2023-10-01 15:06:18'),
(97, 1, '2023-10-01 15:06:22', '2023-10-01 15:16:19'),
(98, 1, '2023-10-01 15:16:24', '2023-10-01 15:17:29'),
(99, 1, '2023-10-01 15:17:33', '2023-10-01 15:20:45'),
(100, 1, '2023-10-01 15:20:50', NULL),
(101, 1, '2023-10-01 18:01:02', NULL),
(102, 1, '2023-10-01 18:02:15', '2023-10-01 18:12:22'),
(103, 1, '2023-10-01 18:12:30', NULL),
(104, 1, '2023-10-01 18:12:33', '2023-10-01 18:13:21'),
(105, 1, '2023-10-01 18:13:25', NULL),
(106, 1, '2023-10-01 18:13:29', '2023-10-01 18:50:25'),
(107, 1, '2023-10-01 18:50:32', '2023-10-01 18:51:17'),
(108, 1, '2023-10-01 18:51:21', '2023-10-01 18:51:24'),
(109, 1, '2023-10-01 18:52:48', '2023-10-01 18:54:33'),
(110, 1, '2023-10-01 18:54:39', '2023-10-01 19:34:20'),
(111, 1, '2023-10-01 19:34:25', '2023-10-01 19:42:09'),
(112, 1, '2023-10-01 19:42:13', NULL),
(113, 1, '2023-11-17 04:41:20', NULL),
(114, 1, '2023-11-18 10:39:34', NULL),
(115, 1, '2023-11-18 12:03:20', NULL),
(116, 1, '2023-11-18 17:21:33', NULL),
(117, 1, '2023-11-18 19:19:04', NULL),
(118, 1, '2023-11-18 20:46:33', NULL),
(119, 1, '2023-11-19 03:48:59', NULL),
(120, 1, '2023-11-19 03:49:39', NULL),
(121, 1, '2023-11-19 04:04:46', NULL),
(122, 1, '2023-11-19 04:05:08', NULL),
(123, 1, '2023-11-19 04:05:22', NULL),
(124, 1, '2023-11-19 04:05:38', NULL),
(125, 1, '2023-11-19 04:06:27', NULL),
(126, 1, '2023-11-19 04:07:04', NULL),
(127, 1, '2023-11-19 04:08:07', NULL),
(128, 1, '2023-11-19 04:08:54', NULL),
(129, 1, '2023-11-19 04:09:47', NULL),
(130, 1, '2023-11-19 04:10:43', NULL),
(131, 1, '2023-11-19 04:10:53', NULL),
(132, 1, '2023-11-19 04:11:17', NULL),
(133, 1, '2023-11-19 04:11:42', NULL),
(134, 1, '2023-11-19 04:12:11', NULL),
(135, 1, '2023-11-19 04:41:35', NULL),
(136, 1, '2023-11-19 04:42:26', NULL),
(137, 1, '2023-11-19 04:43:04', NULL),
(138, 1, '2023-11-19 04:44:14', NULL),
(139, 1, '2023-11-19 04:44:56', NULL),
(140, 1, '2023-11-19 04:50:19', NULL),
(141, 1, '2023-11-19 04:51:16', NULL),
(142, 1, '2023-11-19 04:55:49', NULL),
(143, 1, '2023-11-19 04:57:43', NULL),
(144, 1, '2023-11-19 04:58:47', NULL),
(145, 1, '2023-11-19 04:59:05', NULL),
(146, 1, '2023-11-19 04:59:23', NULL),
(147, 1, '2023-11-19 04:59:53', NULL),
(148, 1, '2023-11-19 05:01:10', NULL),
(149, 1, '2023-11-19 05:02:26', NULL),
(150, 1, '2023-11-19 05:02:45', NULL),
(151, 1, '2023-11-19 05:03:51', NULL),
(152, 1, '2023-11-19 05:04:18', NULL),
(153, 1, '2023-11-19 05:04:27', NULL),
(154, 1, '2023-11-19 05:06:20', NULL),
(155, 1, '2023-11-19 05:06:21', NULL),
(156, 1, '2023-11-19 05:07:04', NULL),
(157, 1, '2023-11-19 05:07:12', NULL),
(158, 1, '2023-11-19 05:10:05', NULL),
(159, 1, '2023-11-19 05:10:36', NULL),
(160, 1, '2023-11-19 05:17:40', NULL),
(161, 1, '2023-11-19 05:17:59', NULL),
(162, 1, '2023-11-19 05:19:09', NULL),
(163, 1, '2023-11-19 05:19:35', NULL),
(164, 1, '2023-11-19 05:20:02', NULL),
(165, 1, '2023-11-19 05:20:24', NULL),
(166, 1, '2023-11-19 05:22:55', NULL),
(167, 1, '2023-11-19 05:23:12', NULL),
(168, 1, '2023-11-19 05:27:15', NULL),
(169, 1, '2023-11-19 05:27:30', NULL),
(170, 1, '2023-11-19 05:29:20', NULL),
(171, 1, '2023-11-19 05:29:33', NULL),
(172, 1, '2023-11-19 05:29:53', NULL),
(173, 1, '2023-11-19 05:32:16', NULL),
(174, 1, '2023-11-19 05:32:31', NULL),
(175, 1, '2023-11-19 05:32:40', NULL),
(176, 1, '2023-11-19 05:35:03', NULL),
(177, 1, '2023-11-19 05:35:52', NULL),
(178, 1, '2023-11-19 05:36:11', NULL),
(179, 1, '2023-11-19 05:36:19', NULL),
(180, 1, '2023-11-19 05:36:48', NULL),
(181, 1, '2023-11-19 05:37:57', NULL),
(182, 1, '2023-11-19 05:38:59', NULL),
(183, 1, '2023-11-19 05:39:17', NULL),
(184, 1, '2023-11-19 05:40:27', NULL),
(185, 1, '2023-11-19 05:40:29', NULL),
(186, 1, '2023-11-19 05:42:25', NULL),
(187, 1, '2023-11-19 05:42:28', NULL),
(188, 1, '2023-11-19 05:42:30', NULL),
(189, 1, '2023-11-19 05:42:32', NULL),
(190, 1, '2023-11-19 05:42:33', NULL),
(191, 1, '2023-11-19 05:45:10', NULL),
(192, 1, '2023-11-19 05:45:41', NULL),
(193, 1, '2023-11-19 05:45:44', NULL),
(194, 1, '2023-11-19 05:45:46', NULL),
(195, 1, '2023-11-19 05:45:47', NULL),
(196, 1, '2023-11-19 05:45:49', NULL),
(197, 1, '2023-11-19 05:47:33', NULL),
(198, 1, '2023-11-19 05:47:49', NULL),
(199, 1, '2023-11-19 05:48:53', NULL),
(200, 1, '2023-11-19 05:49:16', NULL),
(201, 1, '2023-11-19 05:49:24', NULL),
(202, 1, '2023-11-19 05:51:30', NULL),
(203, 1, '2023-11-19 05:51:47', NULL),
(204, 1, '2023-11-19 08:30:03', NULL),
(205, 1, '2023-11-19 08:40:44', NULL),
(206, 1, '2023-11-19 08:40:56', NULL),
(207, 1, '2023-11-19 08:41:03', NULL),
(208, 1, '2023-11-19 08:43:35', NULL),
(209, 1, '2023-11-19 09:25:55', NULL),
(210, 1, '2023-11-19 13:27:54', NULL),
(211, 1, '2023-11-19 13:34:24', NULL),
(212, 1, '2023-11-19 15:40:56', NULL),
(213, 1, '2023-11-19 16:31:08', NULL),
(214, 1, '2023-11-19 17:32:27', NULL),
(215, 1, '2023-11-20 05:14:22', NULL),
(216, 1, '2023-11-20 08:21:57', NULL),
(217, 1, '2023-11-20 10:27:04', NULL),
(218, 1, '2023-11-20 11:20:21', NULL),
(219, 1, '2023-11-20 16:29:14', '2023-11-20 16:29:19'),
(220, 1, '2023-11-20 16:33:51', '2023-11-20 16:33:54'),
(221, 1, '2023-11-20 16:34:26', '2023-11-20 16:35:14'),
(222, 1, '2023-11-20 16:35:27', NULL),
(223, 1, '2023-11-20 16:37:47', '2023-11-20 18:49:56'),
(224, 1, '2023-11-20 18:50:05', NULL),
(225, 1, '2023-11-21 03:17:16', NULL),
(226, 1, '2023-11-21 03:25:07', NULL),
(227, 1, '2023-11-21 03:42:07', NULL),
(228, 1, '2023-11-21 04:05:46', NULL),
(229, 1, '2023-11-21 04:15:12', NULL),
(230, 1, '2023-11-21 06:34:56', NULL),
(231, 1, '2023-11-21 06:36:35', '2023-11-21 10:10:23'),
(232, 1, '2023-11-21 10:35:22', '2023-11-21 10:40:37'),
(233, 1, '2023-11-21 11:11:07', NULL),
(234, 1, '2023-11-23 09:59:47', NULL),
(235, 1, '2023-11-23 10:03:02', '2023-11-23 15:01:40'),
(236, 1, '2023-11-23 15:01:46', NULL),
(237, 1, '2023-11-23 18:00:25', NULL),
(238, 1, '2023-11-25 10:26:11', NULL),
(239, 1, '2023-11-25 17:35:04', NULL),
(240, 1, '2023-11-26 06:28:44', NULL),
(241, 1, '2023-11-27 09:18:57', '2023-11-27 15:34:24'),
(242, 1, '2023-11-27 15:34:28', '2023-11-27 21:20:07'),
(243, 1, '2023-11-27 21:20:11', '2023-11-27 21:20:59'),
(244, 1, '2023-11-27 21:21:05', NULL),
(245, 1, '2023-11-28 10:45:54', NULL),
(246, 1, '2023-11-28 10:46:56', NULL),
(247, 1, '2023-12-01 14:44:41', NULL),
(248, 1, '2023-12-07 12:52:05', NULL),
(249, 1, '2023-12-08 04:28:28', NULL),
(250, 1, '2023-12-08 11:22:31', '2023-12-08 11:24:25'),
(251, 1, '2023-12-08 11:24:52', '2023-12-08 11:42:24'),
(252, 1, '2023-12-08 11:43:41', NULL),
(253, 1, '2023-12-08 14:52:40', '2023-12-08 14:52:48'),
(254, 1, '2023-12-08 14:53:20', NULL),
(255, 1, '2023-12-08 14:59:56', NULL),
(256, 1, '2023-12-09 17:32:15', NULL),
(257, 1, '2023-12-11 02:18:09', '2023-12-11 02:18:12'),
(258, 1, '2023-12-11 02:19:52', NULL),
(259, 1, '2023-12-11 02:20:53', NULL),
(260, 1, '2023-12-11 02:21:42', '2023-12-11 02:21:46'),
(261, 1, '2023-12-11 02:23:48', NULL),
(262, 1, '2023-12-11 02:24:48', NULL),
(263, 1, '2023-12-11 02:25:06', '2023-12-11 02:29:15'),
(264, 1, '2023-12-11 02:29:21', '2023-12-11 02:29:26'),
(265, 1, '2023-12-11 02:38:38', NULL),
(266, 1, '2023-12-11 02:40:55', '2023-12-11 02:40:57'),
(267, 1, '2023-12-11 13:40:26', '2023-12-11 13:40:29'),
(268, 2, '2023-12-11 13:44:14', '2023-12-11 13:44:27'),
(269, 2, '2023-12-11 13:45:24', '2023-12-11 13:47:48'),
(270, 2, '2023-12-11 13:47:56', '2023-12-11 13:48:22'),
(271, 1, '2023-12-11 13:48:26', NULL),
(272, 1, '2023-12-11 13:55:24', '2023-12-11 13:55:54'),
(273, 2, '2023-12-11 13:55:59', '2023-12-11 13:56:55'),
(274, 1, '2023-12-11 13:56:58', NULL),
(275, 1, '2023-12-12 00:53:20', NULL),
(276, 1, '2023-12-12 07:10:05', '2023-12-12 07:16:43'),
(277, 1, '2023-12-12 08:03:42', '2023-12-12 08:03:47'),
(278, 1, '2023-12-12 08:05:09', '2023-12-12 08:08:21'),
(279, 1, '2023-12-12 08:13:56', NULL),
(280, 1, '2023-12-12 09:05:55', NULL),
(281, 1, '2023-12-13 03:37:51', NULL),
(282, 1, '2023-12-13 03:43:28', NULL),
(283, 1, '2023-12-13 03:45:56', NULL),
(284, 1, '2023-12-17 02:18:24', NULL),
(285, 1, '2023-12-17 11:30:09', NULL),
(286, 1, '2023-12-17 23:50:17', NULL),
(287, 1, '2023-12-18 05:20:03', NULL),
(288, 1, '2023-12-18 07:46:57', NULL),
(289, 1, '2023-12-18 07:50:14', '2023-12-18 07:54:47'),
(290, 1, '2023-12-18 07:54:51', NULL),
(291, 1, '2023-12-18 08:00:02', NULL),
(292, 1, '2023-12-19 06:31:46', NULL);

-- --------------------------------------------------------

--
-- Estructura de tabla para la tabla `usuarios`
--

CREATE TABLE `usuarios` (
  `id_usuario` int NOT NULL,
  `usuario` varchar(50) CHARACTER SET utf8mb3 COLLATE utf8mb3_bin NOT NULL,
  `contraseña` varchar(50) CHARACTER SET utf8mb3 COLLATE utf8mb3_bin NOT NULL,
  `tipo_usuario` varchar(50) CHARACTER SET utf8mb3 COLLATE utf8mb3_bin NOT NULL,
  `estado_usuario` varchar(50) CHARACTER SET utf8mb3 COLLATE utf8mb3_bin NOT NULL,
  `pack_adquirido` varchar(50) CHARACTER SET utf8mb3 COLLATE utf8mb3_bin NOT NULL
) ENGINE=InnoDB DEFAULT CHARSET=utf8mb3 COLLATE=utf8mb3_bin;

--
-- Volcado de datos para la tabla `usuarios`
--

INSERT INTO `usuarios` (`id_usuario`, `usuario`, `contraseña`, `tipo_usuario`, `estado_usuario`, `pack_adquirido`) VALUES
(1, 'marcos', 'dfadc855249b015fd2bb015c0b099b2189c58748', 'Administrador', '1', '0'),
(2, 'marcos2', '28ce1b053956eb83fbee672626dc7fa7984f8a5f', 'Standard', '1', '0'),
(3, 'marcos3', 'add6adc712f1d0efea5e8d3dfbd8c1fbfa97e58d', 'Standard', '1', '0'),
(4, 'lucota', '10c25665e49274c39b8e8f7ad6e2a3d0b0bc5052', 'Administrador', '1', '1'),
(5, 'w', '11f6ad8ec52a2984abaafd7c3b516503785c2072', 'Standard', '1', '0'),
(6, 'vovo', '228621d3f0d6d6826ee17cf3e1fd353edcab47e7', 'Standard', '1', '0'),
(7, 'vava', '1eb492049c862acb6db9511b5b6d7d62c5b5d437', 'Administrador', '1', '0'),
(8, 'fafa', '1fe171f65917db0072abc6880196989dd2a20025', 'Administrador', '1', '0'),
(9, 'frfr', '60e6e1f3813b12f15c84660da0ec69c6c50d0bf1', 'Administrador', '1', '0'),
(10, 'xaxa', '4a6d06041027c3646fa25234122ee8e75836d237', 'Administrador', '1', '0'),
(11, 'Jose', 'ada6d34bca926b40be00893cabc0aeae138ea2a0', 'Standard', '1', '0'),
(12, 'Lucas', '515ab0557a960be2bcc227943c20de357fb5672d', 'Standard', '1', '0'),
(13, 'Fernanda', 'cd016c515962508538b851783fee065726058a4a', 'Standard', '1', '0'),
(14, 'Sabrina', '3077ac558f0bb4c8c4834e6907f6ee0fa5b45171', 'Standard', '1', '0'),
(15, 'Nahuel', '126476a0ec49d71c0cdc772e5856616d29649855', 'Standard', '1', '0'),
(16, 'Cristian', '0a5c0018b56b509b5061ed054c2fb0c8ba67039f', 'Standard', '1', '0'),
(17, 'Matilda', '39e2e3c16e0bcf2bac6b6cdd02e2cb6b74a7f1ac', 'Standard', '1', '0'),
(18, 'Walter', 'e7cf0777b8ce7d94b808ff614b5a277c71e4ec8e', 'Standard', '1', '0'),
(19, 'Roberto', '8946320a4640be9d5aa073e785c1bc0559de4dd0', 'Standard', '1', '0'),
(20, 'Javier', 'bd6cbce18fea04e3c91f15cdad22e47096b051da', 'Standard', '1', '0'),
(21, 'Adrian', 'd428ce3f7d56eb239e867f43e40253adb759ab4c', 'Standard', '1', '0'),
(22, 'Axel', 'e1647cdd65a2b60ee2cb0456615620bfcff0e301', 'Standard', '1', '0'),
(23, 'Lucila', '86f5e6dc6a35e61fe797b9c49dd07928ce8af666', 'Standard', '1', '0'),
(24, 'Elena', '2d3f543a2a08a59c526277a48a8de7c3a37748c5', 'Standard', '1', '0'),
(25, 'Maria', '28e4c7502000ea87baa5e5c346d41e35e18523de', 'Standard', '1', '0'),
(26, 'Florencia', '7fe146698759dadda3eecf1d617a5a328fd7f56d', 'Standard', '1', '0'),
(27, 'Edmundo', '57d00fdd469bae1547d371c3c35464576996c441', 'Standard', '1', '0'),
(28, 'Ana', '639772c562aa3733a6c1a7e109e830efa01ca620', 'Standard', '1', '0'),
(29, 'Hugo', '75ad97dad67caa1d17c2a5f88fff978c112ae49b', 'Standard', '1', '0'),
(30, 'Liliana', 'ba9f5f212c6bef0ef63a300c37fbffae2b8d2d5b', 'Standard', '1', '0');

-- --------------------------------------------------------

--
-- Estructura de tabla para la tabla `variables_nutricionales`
--

CREATE TABLE `variables_nutricionales` (
  `id_variable_nutricional` int NOT NULL,
  `descripcion_variable_nutricional` varchar(50) CHARACTER SET utf8mb3 COLLATE utf8mb3_bin DEFAULT NULL
) ENGINE=InnoDB DEFAULT CHARSET=utf8mb3 COLLATE=utf8mb3_bin;

--
-- Volcado de datos para la tabla `variables_nutricionales`
--

INSERT INTO `variables_nutricionales` (`id_variable_nutricional`, `descripcion_variable_nutricional`) VALUES
(1, 'Carbohidratos'),
(2, 'Fibra'),
(3, 'Proteina'),
(4, 'Grasa_Total'),
(5, 'Grasa_Trans'),
(6, 'Grasa_Saturada'),
(7, 'Colesterol'),
(8, 'Azucar'),
(9, 'Calorias');

--
-- Índices para tablas volcadas
--

--
-- Indices de la tabla `auditoria`
--
ALTER TABLE `auditoria`
  ADD PRIMARY KEY (`id_auditoria`),
  ADD KEY `FK__sesiones` (`id_sesion`);

--
-- Indices de la tabla `canastas`
--
ALTER TABLE `canastas`
  ADD PRIMARY KEY (`id_canasta`),
  ADD KEY `FK_canastas_usuarios` (`id_usuario`);

--
-- Indices de la tabla `ingredientes`
--
ALTER TABLE `ingredientes`
  ADD PRIMARY KEY (`id_ingrediente`);

--
-- Indices de la tabla `lista_canasta_productos`
--
ALTER TABLE `lista_canasta_productos`
  ADD PRIMARY KEY (`id_canasta_producto`),
  ADD KEY `FK_lista_canasta_productos_canastas` (`id_canasta`),
  ADD KEY `id_producto_paquete` (`id_producto_paquete`);

--
-- Indices de la tabla `lista_info_nutricional`
--
ALTER TABLE `lista_info_nutricional`
  ADD PRIMARY KEY (`id_info`),
  ADD KEY `FK_info_nutricional_productos` (`id_producto`),
  ADD KEY `FK_info_nutricional_variables_nutricionales` (`id_variable_nutricional`);

--
-- Indices de la tabla `lista_producto_ingredientes`
--
ALTER TABLE `lista_producto_ingredientes`
  ADD PRIMARY KEY (`id_lista_ingrediente`),
  ADD KEY `FK__ingredientes` (`id_ingrediente`),
  ADD KEY `FK__productos` (`id_producto`);

--
-- Indices de la tabla `lista_producto_paquetes`
--
ALTER TABLE `lista_producto_paquetes`
  ADD PRIMARY KEY (`id_producto_paquete`),
  ADD KEY `FK_producto_paquete_productos` (`id_producto`);

--
-- Indices de la tabla `lista_usuario_metas`
--
ALTER TABLE `lista_usuario_metas`
  ADD PRIMARY KEY (`id_meta_usuario`),
  ADD KEY `FK__metas` (`id_meta`),
  ADD KEY `FK__usuarios` (`id_usuario`);

--
-- Indices de la tabla `mentores`
--
ALTER TABLE `mentores`
  ADD PRIMARY KEY (`id_mentor`),
  ADD KEY `id_usuario` (`id_usuario`);

--
-- Indices de la tabla `metas`
--
ALTER TABLE `metas`
  ADD PRIMARY KEY (`id_meta`),
  ADD KEY `FK_metas_variables_nutricionales` (`id_variable_nutricional`);

--
-- Indices de la tabla `productos`
--
ALTER TABLE `productos`
  ADD PRIMARY KEY (`id_producto`);

--
-- Indices de la tabla `recomendaciones`
--
ALTER TABLE `recomendaciones`
  ADD PRIMARY KEY (`id_recomendacion`),
  ADD KEY `id_usuario` (`id_usuario`),
  ADD KEY `id_producto` (`id_producto`);

--
-- Indices de la tabla `sesiones`
--
ALTER TABLE `sesiones`
  ADD PRIMARY KEY (`id_sesion`),
  ADD KEY `id_usuario` (`id_usuario`);

--
-- Indices de la tabla `usuarios`
--
ALTER TABLE `usuarios`
  ADD PRIMARY KEY (`id_usuario`);

--
-- Indices de la tabla `variables_nutricionales`
--
ALTER TABLE `variables_nutricionales`
  ADD PRIMARY KEY (`id_variable_nutricional`);

--
-- AUTO_INCREMENT de las tablas volcadas
--

--
-- AUTO_INCREMENT de la tabla `lista_info_nutricional`
--
ALTER TABLE `lista_info_nutricional`
  MODIFY `id_info` int NOT NULL AUTO_INCREMENT, AUTO_INCREMENT=1477;

--
-- AUTO_INCREMENT de la tabla `mentores`
--
ALTER TABLE `mentores`
  MODIFY `id_mentor` int NOT NULL AUTO_INCREMENT, AUTO_INCREMENT=25;

--
-- AUTO_INCREMENT de la tabla `recomendaciones`
--
ALTER TABLE `recomendaciones`
  MODIFY `id_recomendacion` int NOT NULL AUTO_INCREMENT, AUTO_INCREMENT=207;

--
-- Restricciones para tablas volcadas
--

--
-- Filtros para la tabla `auditoria`
--
ALTER TABLE `auditoria`
  ADD CONSTRAINT `FK__sesiones` FOREIGN KEY (`id_sesion`) REFERENCES `sesiones` (`id_sesion`);

--
-- Filtros para la tabla `canastas`
--
ALTER TABLE `canastas`
  ADD CONSTRAINT `FK_canastas_usuarios` FOREIGN KEY (`id_usuario`) REFERENCES `usuarios` (`id_usuario`);

--
-- Filtros para la tabla `lista_canasta_productos`
--
ALTER TABLE `lista_canasta_productos`
  ADD CONSTRAINT `FK_lista_canasta_productos_canastas` FOREIGN KEY (`id_canasta`) REFERENCES `canastas` (`id_canasta`),
  ADD CONSTRAINT `FK_lista_canasta_productos_lista_producto_paquetes` FOREIGN KEY (`id_producto_paquete`) REFERENCES `lista_producto_paquetes` (`id_producto_paquete`);

--
-- Filtros para la tabla `lista_info_nutricional`
--
ALTER TABLE `lista_info_nutricional`
  ADD CONSTRAINT `FK_info_nutricional_productos` FOREIGN KEY (`id_producto`) REFERENCES `productos` (`id_producto`),
  ADD CONSTRAINT `FK_info_nutricional_variables_nutricionales` FOREIGN KEY (`id_variable_nutricional`) REFERENCES `variables_nutricionales` (`id_variable_nutricional`);

--
-- Filtros para la tabla `lista_producto_ingredientes`
--
ALTER TABLE `lista_producto_ingredientes`
  ADD CONSTRAINT `FK__ingredientes` FOREIGN KEY (`id_ingrediente`) REFERENCES `ingredientes` (`id_ingrediente`),
  ADD CONSTRAINT `FK__productos` FOREIGN KEY (`id_producto`) REFERENCES `productos` (`id_producto`);

--
-- Filtros para la tabla `lista_producto_paquetes`
--
ALTER TABLE `lista_producto_paquetes`
  ADD CONSTRAINT `FK_producto_paquete_productos` FOREIGN KEY (`id_producto`) REFERENCES `productos` (`id_producto`);

--
-- Filtros para la tabla `lista_usuario_metas`
--
ALTER TABLE `lista_usuario_metas`
  ADD CONSTRAINT `FK__metas` FOREIGN KEY (`id_meta`) REFERENCES `metas` (`id_meta`),
  ADD CONSTRAINT `FK__usuarios` FOREIGN KEY (`id_usuario`) REFERENCES `usuarios` (`id_usuario`);

--
-- Filtros para la tabla `mentores`
--
ALTER TABLE `mentores`
  ADD CONSTRAINT `mentores_ibfk_1` FOREIGN KEY (`id_usuario`) REFERENCES `usuarios` (`id_usuario`);

--
-- Filtros para la tabla `metas`
--
ALTER TABLE `metas`
  ADD CONSTRAINT `FK_metas_variables_nutricionales` FOREIGN KEY (`id_variable_nutricional`) REFERENCES `variables_nutricionales` (`id_variable_nutricional`);

--
-- Filtros para la tabla `recomendaciones`
--
ALTER TABLE `recomendaciones`
  ADD CONSTRAINT `recomendaciones_ibfk_1` FOREIGN KEY (`id_usuario`) REFERENCES `usuarios` (`id_usuario`),
  ADD CONSTRAINT `recomendaciones_ibfk_2` FOREIGN KEY (`id_producto`) REFERENCES `productos` (`id_producto`);

--
-- Filtros para la tabla `sesiones`
--
ALTER TABLE `sesiones`
  ADD CONSTRAINT `id_usuario` FOREIGN KEY (`id_usuario`) REFERENCES `usuarios` (`id_usuario`);
COMMIT;

/*!40101 SET CHARACTER_SET_CLIENT=@OLD_CHARACTER_SET_CLIENT */;
/*!40101 SET CHARACTER_SET_RESULTS=@OLD_CHARACTER_SET_RESULTS */;
/*!40101 SET COLLATION_CONNECTION=@OLD_COLLATION_CONNECTION */;
